"rep","Time","Pop_size","Pop_est"
1,1,218,218
1,2,136,136
1,3,121,121
1,4,89,89
1,5,63,63
1,6,125,125
1,7,144,144
1,8,122,122
1,9,102,102
1,10,98,98
1,11,90,90
1,12,86,86
1,13,86,86
1,14,78,78
1,15,66,66
1,16,49,49
1,17,37,37
1,18,81,81
1,19,98,98
1,20,81,81
1,21,68,68
1,22,62,62
1,23,58,58
1,24,57,57
1,25,54,54
1,26,49,49
1,27,44,44
1,28,31,31
1,29,27,27
1,30,44,44
1,31,56,56
1,32,47,47
1,33,39,39
1,34,33,33
1,35,32,32
1,36,30,30
1,37,30,30
1,38,25,25
1,39,22,22
1,40,21,21
1,41,15,15
1,42,30,30
1,43,34,34
1,44,29,29
1,45,25,25
1,46,24,24
1,47,23,23
1,48,21,21
1,49,19,19
1,50,17,17
1,51,15,15
1,52,13,13
1,53,8,8
1,54,15,15
1,55,16,16
1,56,14,14
1,57,13,13
1,58,10,10
1,59,10,10
1,60,10,10
2,1,214,214
2,2,124,124
2,3,110,110
2,4,87,87
2,5,58,58
2,6,110,110
2,7,137,137
2,8,116,116
2,9,98,98
2,10,88,88
2,11,82,82
2,12,78,78
2,13,74,74
2,14,69,69
2,15,64,64
2,16,48,48
2,17,40,40
2,18,99,99
2,19,120,120
2,20,105,105
2,21,89,89
2,22,77,77
2,23,73,73
2,24,68,68
2,25,68,68
2,26,65,65
2,27,60,60
2,28,48,48
2,29,40,40
2,30,73,73
2,31,97,97
2,32,77,77
2,33,68,68
2,34,63,63
2,35,59,59
2,36,53,53
2,37,53,53
2,38,47,47
2,39,42,42
2,40,31,31
2,41,23,23
2,42,53,53
2,43,67,67
2,44,54,54
2,45,43,43
2,46,38,38
2,47,36,36
2,48,33,33
2,49,32,32
2,50,30,30
2,51,28,28
2,52,24,24
2,53,21,21
2,54,42,42
2,55,57,57
2,56,55,55
2,57,48,48
2,58,41,41
2,59,38,38
2,60,37,37
3,1,222,222
3,2,117,117
3,3,98,98
3,4,81,81
3,5,55,55
3,6,104,104
3,7,120,120
3,8,103,103
3,9,88,88
3,10,77,77
3,11,72,72
3,12,68,68
3,13,68,68
3,14,63,63
3,15,57,57
3,16,44,44
3,17,35,35
3,18,67,67
3,19,78,78
3,20,73,73
3,21,67,67
3,22,59,59
3,23,56,56
3,24,54,54
3,25,54,54
3,26,52,52
3,27,47,47
3,28,40,40
3,29,35,35
3,30,53,53
3,31,66,66
3,32,55,55
3,33,48,48
3,34,42,42
3,35,41,41
3,36,40,40
3,37,38,38
3,38,34,34
3,39,29,29
3,40,22,22
3,41,20,20
3,42,43,43
3,43,46,46
3,44,37,37
3,45,31,31
3,46,30,30
3,47,29,29
3,48,29,29
3,49,29,29
3,50,27,27
3,51,23,23
3,52,21,21
3,53,18,18
3,54,35,35
3,55,51,51
3,56,53,53
3,57,46,46
3,58,42,42
3,59,40,40
3,60,39,39
4,1,213,213
4,2,121,121
4,3,103,103
4,4,85,85
4,5,49,49
4,6,101,101
4,7,126,126
4,8,113,113
4,9,95,95
4,10,86,86
4,11,78,78
4,12,72,72
4,13,72,72
4,14,68,68
4,15,63,63
4,16,53,53
4,17,34,34
4,18,68,68
4,19,72,72
4,20,62,62
4,21,54,54
4,22,49,49
4,23,46,46
4,24,43,43
4,25,43,43
4,26,42,42
4,27,40,40
4,28,31,31
4,29,20,20
4,30,43,43
4,31,47,47
4,32,38,38
4,33,35,35
4,34,31,31
4,35,31,31
4,36,27,27
4,37,27,27
4,38,27,27
4,39,26,26
4,40,20,20
4,41,18,18
4,42,38,38
4,43,49,49
4,44,45,45
4,45,40,40
4,46,37,37
4,47,37,37
4,48,37,37
4,49,37,37
4,50,33,33
4,51,26,26
4,52,25,25
4,53,21,21
4,54,41,41
4,55,36,36
4,56,39,39
4,57,33,33
4,58,25,25
4,59,22,22
4,60,22,22
5,1,225,225
5,2,118,118
5,3,104,104
5,4,79,79
5,5,58,58
5,6,122,122
5,7,149,149
5,8,125,125
5,9,105,105
5,10,98,98
5,11,93,93
5,12,89,89
5,13,85,85
5,14,80,80
5,15,75,75
5,16,55,55
5,17,39,39
5,18,62,62
5,19,66,66
5,20,56,56
5,21,53,53
5,22,47,47
5,23,45,45
5,24,45,45
5,25,43,43
5,26,42,42
5,27,36,36
5,28,32,32
5,29,21,21
5,30,47,47
5,31,61,61
5,32,55,55
5,33,48,48
5,34,42,42
5,35,42,42
5,36,39,39
5,37,39,39
5,38,39,39
5,39,37,37
5,40,29,29
5,41,21,21
5,42,39,39
5,43,54,54
5,44,47,47
5,45,39,39
5,46,36,36
5,47,31,31
5,48,28,28
5,49,28,28
5,50,26,26
5,51,21,21
5,52,16,16
5,53,15,15
5,54,36,36
5,55,36,36
5,56,31,31
5,57,29,29
5,58,27,27
5,59,24,24
5,60,24,24
6,1,223,223
6,2,123,123
6,3,98,98
6,4,72,72
6,5,50,50
6,6,89,89
6,7,110,110
6,8,94,94
6,9,78,78
6,10,68,68
6,11,64,64
6,12,59,59
6,13,56,56
6,14,50,50
6,15,43,43
6,16,30,30
6,17,26,26
6,18,49,49
6,19,59,59
6,20,56,56
6,21,46,46
6,22,38,38
6,23,34,34
6,24,32,32
6,25,32,32
6,26,29,29
6,27,26,26
6,28,17,17
6,29,12,12
6,30,20,20
6,31,27,27
6,32,24,24
6,33,22,22
6,34,18,18
6,35,16,16
6,36,16,16
6,37,16,16
6,38,14,14
6,39,13,13
6,40,9,9
6,41,7,7
6,42,10,10
6,43,12,12
6,44,16,16
6,45,15,15
6,46,12,12
6,47,11,11
6,48,11,11
6,49,11,11
6,50,11,11
6,51,11,11
6,52,9,9
6,53,7,7
6,54,19,19
6,55,17,17
6,56,16,16
6,57,16,16
6,58,12,12
6,59,12,12
6,60,12,12
7,1,228,228
7,2,123,123
7,3,102,102
7,4,79,79
7,5,58,58
7,6,112,112
7,7,127,127
7,8,112,112
7,9,95,95
7,10,86,86
7,11,77,77
7,12,76,76
7,13,75,75
7,14,72,72
7,15,68,68
7,16,55,55
7,17,46,46
7,18,96,96
7,19,110,110
7,20,109,109
7,21,98,98
7,22,85,85
7,23,77,77
7,24,74,74
7,25,71,71
7,26,66,66
7,27,58,58
7,28,47,47
7,29,36,36
7,30,85,85
7,31,95,95
7,32,91,91
7,33,78,78
7,34,68,68
7,35,67,67
7,36,61,61
7,37,61,61
7,38,56,56
7,39,50,50
7,40,37,37
7,41,25,25
7,42,53,53
7,43,55,55
7,44,55,55
7,45,46,46
7,46,39,39
7,47,36,36
7,48,34,34
7,49,32,32
7,50,31,31
7,51,26,26
7,52,22,22
7,53,17,17
7,54,35,35
7,55,38,38
7,56,36,36
7,57,32,32
7,58,26,26
7,59,24,24
7,60,23,23
8,1,218,218
8,2,119,119
8,3,110,110
8,4,87,87
8,5,62,62
8,6,105,105
8,7,148,148
8,8,129,129
8,9,110,110
8,10,96,96
8,11,85,85
8,12,77,77
8,13,76,76
8,14,72,72
8,15,65,65
8,16,54,54
8,17,40,40
8,18,82,82
8,19,98,98
8,20,89,89
8,21,81,81
8,22,73,73
8,23,69,69
8,24,66,66
8,25,62,62
8,26,62,62
8,27,57,57
8,28,46,46
8,29,33,33
8,30,55,55
8,31,67,67
8,32,52,52
8,33,47,47
8,34,42,42
8,35,41,41
8,36,39,39
8,37,38,38
8,38,38,38
8,39,33,33
8,40,28,28
8,41,22,22
8,42,46,46
8,43,56,56
8,44,50,50
8,45,47,47
8,46,40,40
8,47,38,38
8,48,35,35
8,49,34,34
8,50,31,31
8,51,28,28
8,52,23,23
8,53,18,18
8,54,35,35
8,55,43,43
8,56,43,43
8,57,36,36
8,58,32,32
8,59,30,30
8,60,30,30
9,1,219,219
9,2,116,116
9,3,94,94
9,4,76,76
9,5,57,57
9,6,117,117
9,7,136,136
9,8,133,133
9,9,112,112
9,10,99,99
9,11,92,92
9,12,85,85
9,13,83,83
9,14,74,74
9,15,69,69
9,16,56,56
9,17,43,43
9,18,75,75
9,19,77,77
9,20,69,69
9,21,63,63
9,22,58,58
9,23,57,57
9,24,56,56
9,25,54,54
9,26,53,53
9,27,48,48
9,28,40,40
9,29,32,32
9,30,67,67
9,31,95,95
9,32,96,96
9,33,79,79
9,34,69,69
9,35,61,61
9,36,59,59
9,37,59,59
9,38,56,56
9,39,51,51
9,40,41,41
9,41,27,27
9,42,55,55
9,43,77,77
9,44,77,77
9,45,70,70
9,46,66,66
9,47,63,63
9,48,61,61
9,49,60,60
9,50,53,53
9,51,49,49
9,52,39,39
9,53,33,33
9,54,81,81
9,55,98,98
9,56,90,90
9,57,76,76
9,58,67,67
9,59,62,62
9,60,60,60
10,1,213,213
10,2,107,107
10,3,96,96
10,4,74,74
10,5,51,51
10,6,98,98
10,7,122,122
10,8,104,104
10,9,95,95
10,10,85,85
10,11,78,78
10,12,75,75
10,13,73,73
10,14,69,69
10,15,60,60
10,16,44,44
10,17,31,31
10,18,66,66
10,19,80,80
10,20,66,66
10,21,59,59
10,22,54,54
10,23,48,48
10,24,47,47
10,25,47,47
10,26,47,47
10,27,42,42
10,28,35,35
10,29,28,28
10,30,61,61
10,31,83,83
10,32,71,71
10,33,65,65
10,34,60,60
10,35,52,52
10,36,49,49
10,37,47,47
10,38,44,44
10,39,41,41
10,40,35,35
10,41,31,31
10,42,67,67
10,43,88,88
10,44,77,77
10,45,66,66
10,46,60,60
10,47,58,58
10,48,56,56
10,49,54,54
10,50,50,50
10,51,47,47
10,52,35,35
10,53,30,30
10,54,57,57
10,55,71,71
10,56,66,66
10,57,59,59
10,58,52,52
10,59,51,51
10,60,46,46
11,1,225,225
11,2,122,122
11,3,108,108
11,4,82,82
11,5,62,62
11,6,112,112
11,7,158,158
11,8,139,139
11,9,122,122
11,10,102,102
11,11,96,96
11,12,90,90
11,13,87,87
11,14,82,82
11,15,69,69
11,16,65,65
11,17,49,49
11,18,97,97
11,19,111,111
11,20,103,103
11,21,91,91
11,22,83,83
11,23,78,78
11,24,76,76
11,25,73,73
11,26,69,69
11,27,65,65
11,28,53,53
11,29,46,46
11,30,94,94
11,31,118,118
11,32,95,95
11,33,84,84
11,34,73,73
11,35,68,68
11,36,63,63
11,37,60,60
11,38,58,58
11,39,48,48
11,40,38,38
11,41,33,33
11,42,74,74
11,43,82,82
11,44,80,80
11,45,70,70
11,46,64,64
11,47,62,62
11,48,55,55
11,49,54,54
11,50,52,52
11,51,47,47
11,52,41,41
11,53,36,36
11,54,58,58
11,55,76,76
11,56,78,78
11,57,69,69
11,58,56,56
11,59,54,54
11,60,52,52
12,1,212,212
12,2,111,111
12,3,101,101
12,4,74,74
12,5,58,58
12,6,115,115
12,7,123,123
12,8,110,110
12,9,88,88
12,10,79,79
12,11,74,74
12,12,67,67
12,13,65,65
12,14,60,60
12,15,44,44
12,16,35,35
12,17,27,27
12,18,69,69
12,19,83,83
12,20,85,85
12,21,78,78
12,22,73,73
12,23,66,66
12,24,64,64
12,25,62,62
12,26,58,58
12,27,55,55
12,28,50,50
12,29,41,41
12,30,88,88
12,31,113,113
12,32,99,99
12,33,83,83
12,34,73,73
12,35,67,67
12,36,63,63
12,37,63,63
12,38,62,62
12,39,52,52
12,40,38,38
12,41,29,29
12,42,62,62
12,43,79,79
12,44,73,73
12,45,64,64
12,46,53,53
12,47,52,52
12,48,51,51
12,49,51,51
12,50,50,50
12,51,45,45
12,52,35,35
12,53,28,28
12,54,60,60
12,55,74,74
12,56,68,68
12,57,62,62
12,58,54,54
12,59,53,53
12,60,51,51
13,1,217,217
13,2,111,111
13,3,104,104
13,4,77,77
13,5,55,55
13,6,113,113
13,7,142,142
13,8,130,130
13,9,106,106
13,10,92,92
13,11,88,88
13,12,85,85
13,13,84,84
13,14,81,81
13,15,72,72
13,16,52,52
13,17,40,40
13,18,74,74
13,19,96,96
13,20,95,95
13,21,85,85
13,22,79,79
13,23,74,74
13,24,74,74
13,25,74,74
13,26,73,73
13,27,65,65
13,28,49,49
13,29,41,41
13,30,87,87
13,31,103,103
13,32,98,98
13,33,87,87
13,34,76,76
13,35,75,75
13,36,73,73
13,37,73,73
13,38,69,69
13,39,62,62
13,40,49,49
13,41,39,39
13,42,74,74
13,43,94,94
13,44,96,96
13,45,81,81
13,46,74,74
13,47,70,70
13,48,70,70
13,49,68,68
13,50,68,68
13,51,63,63
13,52,55,55
13,53,47,47
13,54,89,89
13,55,121,121
13,56,106,106
13,57,87,87
13,58,79,79
13,59,72,72
13,60,70,70
14,1,210,210
14,2,119,119
14,3,101,101
14,4,76,76
14,5,54,54
14,6,113,113
14,7,129,129
14,8,113,113
14,9,97,97
14,10,84,84
14,11,75,75
14,12,71,71
14,13,67,67
14,14,59,59
14,15,58,58
14,16,46,46
14,17,33,33
14,18,75,75
14,19,87,87
14,20,93,93
14,21,79,79
14,22,70,70
14,23,64,64
14,24,64,64
14,25,61,61
14,26,58,58
14,27,50,50
14,28,41,41
14,29,34,34
14,30,75,75
14,31,89,89
14,32,94,94
14,33,84,84
14,34,75,75
14,35,68,68
14,36,66,66
14,37,66,66
14,38,61,61
14,39,56,56
14,40,46,46
14,41,39,39
14,42,86,86
14,43,101,101
14,44,93,93
14,45,83,83
14,46,73,73
14,47,67,67
14,48,62,62
14,49,59,59
14,50,58,58
14,51,52,52
14,52,42,42
14,53,36,36
14,54,64,64
14,55,92,92
14,56,96,96
14,57,83,83
14,58,80,80
14,59,76,76
14,60,70,70
15,1,220,220
15,2,115,115
15,3,98,98
15,4,71,71
15,5,50,50
15,6,103,103
15,7,135,135
15,8,118,118
15,9,96,96
15,10,88,88
15,11,80,80
15,12,74,74
15,13,72,72
15,14,69,69
15,15,58,58
15,16,45,45
15,17,39,39
15,18,66,66
15,19,85,85
15,20,79,79
15,21,64,64
15,22,56,56
15,23,52,52
15,24,49,49
15,25,49,49
15,26,47,47
15,27,43,43
15,28,38,38
15,29,30,30
15,30,65,65
15,31,85,85
15,32,75,75
15,33,62,62
15,34,59,59
15,35,55,55
15,36,52,52
15,37,52,52
15,38,47,47
15,39,38,38
15,40,37,37
15,41,32,32
15,42,52,52
15,43,75,75
15,44,80,80
15,45,70,70
15,46,62,62
15,47,58,58
15,48,55,55
15,49,53,53
15,50,50,50
15,51,46,46
15,52,39,39
15,53,26,26
15,54,56,56
15,55,60,60
15,56,54,54
15,57,44,44
15,58,40,40
15,59,36,36
15,60,34,34
16,1,219,219
16,2,114,114
16,3,104,104
16,4,83,83
16,5,65,65
16,6,120,120
16,7,142,142
16,8,121,121
16,9,104,104
16,10,88,88
16,11,81,81
16,12,77,77
16,13,74,74
16,14,73,73
16,15,67,67
16,16,55,55
16,17,46,46
16,18,96,96
16,19,120,120
16,20,105,105
16,21,95,95
16,22,84,84
16,23,80,80
16,24,78,78
16,25,78,78
16,26,74,74
16,27,66,66
16,28,51,51
16,29,35,35
16,30,77,77
16,31,93,93
16,32,84,84
16,33,74,74
16,34,63,63
16,35,59,59
16,36,56,56
16,37,54,54
16,38,53,53
16,39,47,47
16,40,39,39
16,41,34,34
16,42,67,67
16,43,78,78
16,44,79,79
16,45,73,73
16,46,67,67
16,47,63,63
16,48,61,61
16,49,60,60
16,50,58,58
16,51,53,53
16,52,42,42
16,53,32,32
16,54,81,81
16,55,87,87
16,56,84,84
16,57,72,72
16,58,66,66
16,59,60,60
16,60,58,58
17,1,219,219
17,2,125,125
17,3,104,104
17,4,80,80
17,5,55,55
17,6,97,97
17,7,116,116
17,8,103,103
17,9,91,91
17,10,75,75
17,11,70,70
17,12,70,70
17,13,67,67
17,14,65,65
17,15,61,61
17,16,44,44
17,17,32,32
17,18,55,55
17,19,77,77
17,20,64,64
17,21,53,53
17,22,43,43
17,23,42,42
17,24,41,41
17,25,40,40
17,26,39,39
17,27,38,38
17,28,36,36
17,29,28,28
17,30,49,49
17,31,63,63
17,32,55,55
17,33,53,53
17,34,50,50
17,35,47,47
17,36,44,44
17,37,44,44
17,38,41,41
17,39,37,37
17,40,28,28
17,41,22,22
17,42,49,49
17,43,54,54
17,44,44,44
17,45,36,36
17,46,33,33
17,47,33,33
17,48,31,31
17,49,29,29
17,50,27,27
17,51,26,26
17,52,22,22
17,53,19,19
17,54,38,38
17,55,49,49
17,56,41,41
17,57,39,39
17,58,33,33
17,59,31,31
17,60,28,28
18,1,216,216
18,2,107,107
18,3,98,98
18,4,76,76
18,5,57,57
18,6,116,116
18,7,139,139
18,8,127,127
18,9,117,117
18,10,97,97
18,11,90,90
18,12,86,86
18,13,83,83
18,14,81,81
18,15,77,77
18,16,65,65
18,17,48,48
18,18,102,102
18,19,120,120
18,20,105,105
18,21,95,95
18,22,85,85
18,23,76,76
18,24,70,70
18,25,68,68
18,26,64,64
18,27,59,59
18,28,43,43
18,29,33,33
18,30,70,70
18,31,86,86
18,32,90,90
18,33,75,75
18,34,66,66
18,35,63,63
18,36,62,62
18,37,61,61
18,38,61,61
18,39,54,54
18,40,45,45
18,41,37,37
18,42,77,77
18,43,93,93
18,44,97,97
18,45,88,88
18,46,80,80
18,47,76,76
18,48,69,69
18,49,68,68
18,50,66,66
18,51,60,60
18,52,46,46
18,53,33,33
18,54,69,69
18,55,81,81
18,56,75,75
18,57,67,67
18,58,60,60
18,59,57,57
18,60,56,56
19,1,224,224
19,2,112,112
19,3,88,88
19,4,70,70
19,5,53,53
19,6,97,97
19,7,112,112
19,8,97,97
19,9,83,83
19,10,72,72
19,11,66,66
19,12,63,63
19,13,59,59
19,14,50,50
19,15,41,41
19,16,31,31
19,17,28,28
19,18,61,61
19,19,75,75
19,20,74,74
19,21,63,63
19,22,56,56
19,23,53,53
19,24,51,51
19,25,49,49
19,26,46,46
19,27,38,38
19,28,32,32
19,29,28,28
19,30,49,49
19,31,60,60
19,32,69,69
19,33,61,61
19,34,52,52
19,35,48,48
19,36,48,48
19,37,46,46
19,38,43,43
19,39,37,37
19,40,30,30
19,41,24,24
19,42,42,42
19,43,55,55
19,44,58,58
19,45,48,48
19,46,43,43
19,47,39,39
19,48,37,37
19,49,36,36
19,50,35,35
19,51,33,33
19,52,25,25
19,53,21,21
19,54,38,38
19,55,46,46
19,56,43,43
19,57,32,32
19,58,30,30
19,59,28,28
19,60,27,27
20,1,215,215
20,2,117,117
20,3,104,104
20,4,82,82
20,5,55,55
20,6,109,109
20,7,117,117
20,8,108,108
20,9,91,91
20,10,80,80
20,11,78,78
20,12,72,72
20,13,68,68
20,14,63,63
20,15,57,57
20,16,46,46
20,17,40,40
20,18,89,89
20,19,114,114
20,20,110,110
20,21,94,94
20,22,83,83
20,23,76,76
20,24,69,69
20,25,66,66
20,26,65,65
20,27,62,62
20,28,45,45
20,29,34,34
20,30,68,68
20,31,78,78
20,32,67,67
20,33,59,59
20,34,54,54
20,35,50,50
20,36,49,49
20,37,47,47
20,38,47,47
20,39,38,38
20,40,35,35
20,41,29,29
20,42,56,56
20,43,63,63
20,44,52,52
20,45,46,46
20,46,38,38
20,47,35,35
20,48,32,32
20,49,31,31
20,50,31,31
20,51,28,28
20,52,22,22
20,53,17,17
20,54,32,32
20,55,41,41
20,56,39,39
20,57,34,34
20,58,29,29
20,59,28,28
20,60,27,27
21,1,215,215
21,2,115,115
21,3,102,102
21,4,76,76
21,5,56,56
21,6,115,115
21,7,135,135
21,8,120,120
21,9,110,110
21,10,100,100
21,11,92,92
21,12,89,89
21,13,85,85
21,14,83,83
21,15,74,74
21,16,57,57
21,17,47,47
21,18,102,102
21,19,126,126
21,20,111,111
21,21,91,91
21,22,81,81
21,23,74,74
21,24,71,71
21,25,71,71
21,26,67,67
21,27,60,60
21,28,53,53
21,29,45,45
21,30,93,93
21,31,118,118
21,32,110,110
21,33,98,98
21,34,87,87
21,35,84,84
21,36,79,79
21,37,77,77
21,38,72,72
21,39,66,66
21,40,56,56
21,41,40,40
21,42,78,78
21,43,82,82
21,44,88,88
21,45,80,80
21,46,67,67
21,47,64,64
21,48,60,60
21,49,59,59
21,50,59,59
21,51,54,54
21,52,44,44
21,53,32,32
21,54,68,68
21,55,89,89
21,56,90,90
21,57,78,78
21,58,65,65
21,59,64,64
21,60,61,61
22,1,220,220
22,2,113,113
22,3,95,95
22,4,81,81
22,5,54,54
22,6,104,104
22,7,114,114
22,8,98,98
22,9,85,85
22,10,78,78
22,11,73,73
22,12,69,69
22,13,67,67
22,14,63,63
22,15,57,57
22,16,40,40
22,17,30,30
22,18,57,57
22,19,70,70
22,20,66,66
22,21,53,53
22,22,50,50
22,23,41,41
22,24,40,40
22,25,40,40
22,26,34,34
22,27,32,32
22,28,26,26
22,29,21,21
22,30,41,41
22,31,46,46
22,32,46,46
22,33,39,39
22,34,29,29
22,35,29,29
22,36,29,29
22,37,29,29
22,38,27,27
22,39,24,24
22,40,22,22
22,41,20,20
22,42,42,42
22,43,47,47
22,44,44,44
22,45,38,38
22,46,35,35
22,47,32,32
22,48,30,30
22,49,29,29
22,50,27,27
22,51,26,26
22,52,18,18
22,53,14,14
22,54,30,30
22,55,34,34
22,56,32,32
22,57,28,28
22,58,25,25
22,59,21,21
22,60,21,21
23,1,219,219
23,2,122,122
23,3,104,104
23,4,77,77
23,5,50,50
23,6,112,112
23,7,147,147
23,8,128,128
23,9,105,105
23,10,94,94
23,11,88,88
23,12,81,81
23,13,78,78
23,14,69,69
23,15,58,58
23,16,53,53
23,17,43,43
23,18,90,90
23,19,104,104
23,20,99,99
23,21,85,85
23,22,75,75
23,23,72,72
23,24,68,68
23,25,66,66
23,26,63,63
23,27,58,58
23,28,42,42
23,29,35,35
23,30,65,65
23,31,77,77
23,32,57,57
23,33,53,53
23,34,49,49
23,35,48,48
23,36,47,47
23,37,47,47
23,38,43,43
23,39,37,37
23,40,30,30
23,41,27,27
23,42,52,52
23,43,63,63
23,44,70,70
23,45,55,55
23,46,50,50
23,47,47,47
23,48,46,46
23,49,45,45
23,50,42,42
23,51,39,39
23,52,35,35
23,53,29,29
23,54,59,59
23,55,73,73
23,56,72,72
23,57,68,68
23,58,62,62
23,59,59,59
23,60,55,55
24,1,206,206
24,2,112,112
24,3,90,90
24,4,72,72
24,5,52,52
24,6,110,110
24,7,136,136
24,8,120,120
24,9,102,102
24,10,91,91
24,11,82,82
24,12,74,74
24,13,70,70
24,14,66,66
24,15,61,61
24,16,52,52
24,17,34,34
24,18,81,81
24,19,100,100
24,20,82,82
24,21,73,73
24,22,64,64
24,23,58,58
24,24,57,57
24,25,55,55
24,26,52,52
24,27,44,44
24,28,36,36
24,29,31,31
24,30,66,66
24,31,81,81
24,32,59,59
24,33,55,55
24,34,48,48
24,35,45,45
24,36,43,43
24,37,42,42
24,38,42,42
24,39,40,40
24,40,34,34
24,41,29,29
24,42,47,47
24,43,66,66
24,44,55,55
24,45,46,46
24,46,42,42
24,47,40,40
24,48,39,39
24,49,39,39
24,50,38,38
24,51,34,34
24,52,25,25
24,53,18,18
24,54,34,34
24,55,43,43
24,56,37,37
24,57,34,34
24,58,31,31
24,59,31,31
24,60,30,30
25,1,216,216
25,2,124,124
25,3,98,98
25,4,79,79
25,5,56,56
25,6,100,100
25,7,136,136
25,8,111,111
25,9,95,95
25,10,79,79
25,11,76,76
25,12,71,71
25,13,69,69
25,14,61,61
25,15,51,51
25,16,39,39
25,17,28,28
25,18,61,61
25,19,65,65
25,20,58,58
25,21,50,50
25,22,43,43
25,23,38,38
25,24,37,37
25,25,37,37
25,26,35,35
25,27,32,32
25,28,23,23
25,29,20,20
25,30,42,42
25,31,45,45
25,32,40,40
25,33,37,37
25,34,31,31
25,35,27,27
25,36,26,26
25,37,26,26
25,38,21,21
25,39,19,19
25,40,12,12
25,41,11,11
25,42,20,20
25,43,20,20
25,44,23,23
25,45,23,23
25,46,18,18
25,47,16,16
25,48,15,15
25,49,15,15
25,50,14,14
25,51,14,14
25,52,12,12
25,53,11,11
25,54,21,21
25,55,27,27
25,56,23,23
25,57,19,19
25,58,18,18
25,59,17,17
25,60,16,16
26,1,214,214
26,2,122,122
26,3,107,107
26,4,81,81
26,5,60,60
26,6,111,111
26,7,139,139
26,8,115,115
26,9,97,97
26,10,78,78
26,11,70,70
26,12,66,66
26,13,66,66
26,14,62,62
26,15,52,52
26,16,42,42
26,17,34,34
26,18,68,68
26,19,103,103
26,20,90,90
26,21,79,79
26,22,75,75
26,23,74,74
26,24,72,72
26,25,71,71
26,26,66,66
26,27,60,60
26,28,46,46
26,29,37,37
26,30,85,85
26,31,88,88
26,32,91,91
26,33,79,79
26,34,70,70
26,35,63,63
26,36,60,60
26,37,59,59
26,38,52,52
26,39,48,48
26,40,36,36
26,41,30,30
26,42,74,74
26,43,81,81
26,44,76,76
26,45,62,62
26,46,53,53
26,47,51,51
26,48,50,50
26,49,48,48
26,50,46,46
26,51,45,45
26,52,36,36
26,53,32,32
26,54,59,59
26,55,71,71
26,56,76,76
26,57,58,58
26,58,48,48
26,59,43,43
26,60,41,41
27,1,212,212
27,2,99,99
27,3,82,82
27,4,57,57
27,5,43,43
27,6,102,102
27,7,111,111
27,8,102,102
27,9,76,76
27,10,70,70
27,11,68,68
27,12,64,64
27,13,59,59
27,14,55,55
27,15,48,48
27,16,36,36
27,17,29,29
27,18,53,53
27,19,77,77
27,20,72,72
27,21,63,63
27,22,56,56
27,23,55,55
27,24,53,53
27,25,53,53
27,26,51,51
27,27,48,48
27,28,39,39
27,29,31,31
27,30,62,62
27,31,93,93
27,32,92,92
27,33,77,77
27,34,65,65
27,35,61,61
27,36,57,57
27,37,54,54
27,38,47,47
27,39,46,46
27,40,35,35
27,41,26,26
27,42,52,52
27,43,69,69
27,44,71,71
27,45,61,61
27,46,53,53
27,47,52,52
27,48,49,49
27,49,48,48
27,50,47,47
27,51,41,41
27,52,32,32
27,53,27,27
27,54,53,53
27,55,66,66
27,56,71,71
27,57,61,61
27,58,53,53
27,59,51,51
27,60,48,48
28,1,229,229
28,2,130,130
28,3,111,111
28,4,91,91
28,5,71,71
28,6,123,123
28,7,178,178
28,8,156,156
28,9,136,136
28,10,126,126
28,11,116,116
28,12,107,107
28,13,102,102
28,14,95,95
28,15,86,86
28,16,75,75
28,17,56,56
28,18,114,114
28,19,134,134
28,20,121,121
28,21,103,103
28,22,95,95
28,23,91,91
28,24,87,87
28,25,84,84
28,26,79,79
28,27,75,75
28,28,59,59
28,29,44,44
28,30,97,97
28,31,117,117
28,32,108,108
28,33,92,92
28,34,83,83
28,35,80,80
28,36,78,78
28,37,76,76
28,38,72,72
28,39,63,63
28,40,51,51
28,41,41,41
28,42,87,87
28,43,103,103
28,44,96,96
28,45,89,89
28,46,83,83
28,47,75,75
28,48,73,73
28,49,73,73
28,50,70,70
28,51,64,64
28,52,47,47
28,53,38,38
28,54,75,75
28,55,88,88
28,56,89,89
28,57,74,74
28,58,67,67
28,59,65,65
28,60,61,61
29,1,222,222
29,2,125,125
29,3,108,108
29,4,82,82
29,5,56,56
29,6,109,109
29,7,130,130
29,8,119,119
29,9,106,106
29,10,94,94
29,11,90,90
29,12,84,84
29,13,79,79
29,14,72,72
29,15,63,63
29,16,53,53
29,17,39,39
29,18,79,79
29,19,89,89
29,20,82,82
29,21,71,71
29,22,58,58
29,23,55,55
29,24,52,52
29,25,52,52
29,26,46,46
29,27,44,44
29,28,36,36
29,29,29,29
29,30,59,59
29,31,78,78
29,32,78,78
29,33,66,66
29,34,58,58
29,35,56,56
29,36,55,55
29,37,55,55
29,38,55,55
29,39,53,53
29,40,41,41
29,41,32,32
29,42,61,61
29,43,80,80
29,44,77,77
29,45,69,69
29,46,60,60
29,47,58,58
29,48,54,54
29,49,53,53
29,50,50,50
29,51,45,45
29,52,35,35
29,53,29,29
29,54,57,57
29,55,79,79
29,56,72,72
29,57,62,62
29,58,56,56
29,59,54,54
29,60,53,53
30,1,229,229
30,2,128,128
30,3,112,112
30,4,83,83
30,5,60,60
30,6,120,120
30,7,137,137
30,8,129,129
30,9,109,109
30,10,99,99
30,11,94,94
30,12,88,88
30,13,86,86
30,14,80,80
30,15,74,74
30,16,57,57
30,17,40,40
30,18,77,77
30,19,93,93
30,20,87,87
30,21,77,77
30,22,63,63
30,23,61,61
30,24,59,59
30,25,59,59
30,26,58,58
30,27,54,54
30,28,40,40
30,29,33,33
30,30,73,73
30,31,88,88
30,32,74,74
30,33,69,69
30,34,60,60
30,35,55,55
30,36,53,53
30,37,52,52
30,38,49,49
30,39,44,44
30,40,35,35
30,41,27,27
30,42,59,59
30,43,65,65
30,44,57,57
30,45,52,52
30,46,42,42
30,47,42,42
30,48,41,41
30,49,40,40
30,50,36,36
30,51,33,33
30,52,25,25
30,53,22,22
30,54,38,38
30,55,53,53
30,56,51,51
30,57,44,44
30,58,36,36
30,59,32,32
30,60,31,31
31,1,224,224
31,2,123,123
31,3,111,111
31,4,88,88
31,5,68,68
31,6,146,146
31,7,169,169
31,8,158,158
31,9,138,138
31,10,127,127
31,11,123,123
31,12,117,117
31,13,115,115
31,14,110,110
31,15,90,90
31,16,70,70
31,17,49,49
31,18,97,97
31,19,101,101
31,20,85,85
31,21,73,73
31,22,65,65
31,23,61,61
31,24,56,56
31,25,56,56
31,26,55,55
31,27,49,49
31,28,39,39
31,29,28,28
31,30,47,47
31,31,64,64
31,32,60,60
31,33,53,53
31,34,51,51
31,35,49,49
31,36,48,48
31,37,46,46
31,38,44,44
31,39,41,41
31,40,36,36
31,41,32,32
31,42,64,64
31,43,78,78
31,44,85,85
31,45,77,77
31,46,70,70
31,47,63,63
31,48,62,62
31,49,58,58
31,50,56,56
31,51,49,49
31,52,34,34
31,53,25,25
31,54,50,50
31,55,58,58
31,56,66,66
31,57,54,54
31,58,46,46
31,59,43,43
31,60,40,40
32,1,225,225
32,2,125,125
32,3,110,110
32,4,83,83
32,5,54,54
32,6,114,114
32,7,132,132
32,8,110,110
32,9,94,94
32,10,81,81
32,11,75,75
32,12,71,71
32,13,63,63
32,14,61,61
32,15,53,53
32,16,45,45
32,17,31,31
32,18,68,68
32,19,79,79
32,20,77,77
32,21,72,72
32,22,66,66
32,23,59,59
32,24,54,54
32,25,51,51
32,26,49,49
32,27,47,47
32,28,38,38
32,29,29,29
32,30,63,63
32,31,78,78
32,32,62,62
32,33,53,53
32,34,45,45
32,35,42,42
32,36,40,40
32,37,39,39
32,38,38,38
32,39,34,34
32,40,25,25
32,41,21,21
32,42,34,34
32,43,40,40
32,44,41,41
32,45,36,36
32,46,32,32
32,47,30,30
32,48,28,28
32,49,26,26
32,50,25,25
32,51,24,24
32,52,18,18
32,53,14,14
32,54,29,29
32,55,24,24
32,56,28,28
32,57,25,25
32,58,23,23
32,59,21,21
32,60,18,18
33,1,200,200
33,2,111,111
33,3,86,86
33,4,68,68
33,5,39,39
33,6,83,83
33,7,93,93
33,8,71,71
33,9,56,56
33,10,50,50
33,11,48,48
33,12,48,48
33,13,46,46
33,14,44,44
33,15,39,39
33,16,27,27
33,17,19,19
33,18,40,40
33,19,49,49
33,20,45,45
33,21,43,43
33,22,38,38
33,23,34,34
33,24,34,34
33,25,33,33
33,26,31,31
33,27,29,29
33,28,23,23
33,29,19,19
33,30,36,36
33,31,49,49
33,32,45,45
33,33,36,36
33,34,36,36
33,35,35,35
33,36,33,33
33,37,33,33
33,38,31,31
33,39,29,29
33,40,26,26
33,41,24,24
33,42,55,55
33,43,61,61
33,44,58,58
33,45,46,46
33,46,42,42
33,47,39,39
33,48,37,37
33,49,36,36
33,50,34,34
33,51,31,31
33,52,25,25
33,53,19,19
33,54,35,35
33,55,49,49
33,56,45,45
33,57,41,41
33,58,39,39
33,59,39,39
33,60,38,38
34,1,225,225
34,2,124,124
34,3,107,107
34,4,84,84
34,5,57,57
34,6,103,103
34,7,146,146
34,8,132,132
34,9,112,112
34,10,102,102
34,11,89,89
34,12,85,85
34,13,79,79
34,14,74,74
34,15,63,63
34,16,51,51
34,17,43,43
34,18,96,96
34,19,119,119
34,20,124,124
34,21,113,113
34,22,106,106
34,23,97,97
34,24,94,94
34,25,92,92
34,26,88,88
34,27,79,79
34,28,59,59
34,29,44,44
34,30,93,93
34,31,106,106
34,32,93,93
34,33,83,83
34,34,78,78
34,35,73,73
34,36,72,72
34,37,72,72
34,38,70,70
34,39,60,60
34,40,47,47
34,41,35,35
34,42,65,65
34,43,90,90
34,44,83,83
34,45,76,76
34,46,66,66
34,47,62,62
34,48,59,59
34,49,59,59
34,50,56,56
34,51,51,51
34,52,38,38
34,53,32,32
34,54,72,72
34,55,84,84
34,56,85,85
34,57,72,72
34,58,65,65
34,59,62,62
34,60,57,57
35,1,223,223
35,2,101,101
35,3,86,86
35,4,73,73
35,5,52,52
35,6,106,106
35,7,123,123
35,8,109,109
35,9,94,94
35,10,79,79
35,11,72,72
35,12,66,66
35,13,64,64
35,14,58,58
35,15,54,54
35,16,48,48
35,17,39,39
35,18,80,80
35,19,105,105
35,20,94,94
35,21,82,82
35,22,77,77
35,23,70,70
35,24,69,69
35,25,67,67
35,26,59,59
35,27,57,57
35,28,48,48
35,29,42,42
35,30,93,93
35,31,111,111
35,32,97,97
35,33,83,83
35,34,78,78
35,35,73,73
35,36,70,70
35,37,67,67
35,38,64,64
35,39,62,62
35,40,53,53
35,41,40,40
35,42,73,73
35,43,90,90
35,44,81,81
35,45,67,67
35,46,62,62
35,47,61,61
35,48,60,60
35,49,58,58
35,50,57,57
35,51,48,48
35,52,40,40
35,53,28,28
35,54,59,59
35,55,74,74
35,56,64,64
35,57,58,58
35,58,50,50
35,59,48,48
35,60,47,47
36,1,219,219
36,2,115,115
36,3,96,96
36,4,82,82
36,5,58,58
36,6,113,113
36,7,134,134
36,8,113,113
36,9,98,98
36,10,93,93
36,11,91,91
36,12,82,82
36,13,79,79
36,14,72,72
36,15,63,63
36,16,49,49
36,17,40,40
36,18,93,93
36,19,105,105
36,20,95,95
36,21,84,84
36,22,71,71
36,23,67,67
36,24,62,62
36,25,61,61
36,26,60,60
36,27,52,52
36,28,36,36
36,29,28,28
36,30,61,61
36,31,75,75
36,32,65,65
36,33,55,55
36,34,50,50
36,35,45,45
36,36,43,43
36,37,42,42
36,38,40,40
36,39,36,36
36,40,29,29
36,41,23,23
36,42,49,49
36,43,59,59
36,44,54,54
36,45,46,46
36,46,40,40
36,47,37,37
36,48,35,35
36,49,34,34
36,50,34,34
36,51,33,33
36,52,25,25
36,53,18,18
36,54,38,38
36,55,48,48
36,56,46,46
36,57,41,41
36,58,37,37
36,59,34,34
36,60,33,33
37,1,223,223
37,2,131,131
37,3,115,115
37,4,93,93
37,5,68,68
37,6,145,145
37,7,172,172
37,8,137,137
37,9,119,119
37,10,102,102
37,11,98,98
37,12,91,91
37,13,84,84
37,14,81,81
37,15,70,70
37,16,58,58
37,17,46,46
37,18,93,93
37,19,110,110
37,20,110,110
37,21,99,99
37,22,81,81
37,23,72,72
37,24,70,70
37,25,70,70
37,26,69,69
37,27,65,65
37,28,54,54
37,29,45,45
37,30,86,86
37,31,102,102
37,32,101,101
37,33,92,92
37,34,79,79
37,35,73,73
37,36,68,68
37,37,66,66
37,38,62,62
37,39,56,56
37,40,40,40
37,41,31,31
37,42,56,56
37,43,67,67
37,44,69,69
37,45,64,64
37,46,55,55
37,47,55,55
37,48,52,52
37,49,51,51
37,50,50,50
37,51,48,48
37,52,39,39
37,53,36,36
37,54,77,77
37,55,90,90
37,56,84,84
37,57,71,71
37,58,63,63
37,59,57,57
37,60,54,54
38,1,231,231
38,2,111,111
38,3,95,95
38,4,72,72
38,5,51,51
38,6,105,105
38,7,118,118
38,8,103,103
38,9,90,90
38,10,74,74
38,11,69,69
38,12,66,66
38,13,63,63
38,14,59,59
38,15,53,53
38,16,43,43
38,17,31,31
38,18,69,69
38,19,85,85
38,20,84,84
38,21,72,72
38,22,63,63
38,23,60,60
38,24,56,56
38,25,56,56
38,26,55,55
38,27,47,47
38,28,38,38
38,29,31,31
38,30,55,55
38,31,71,71
38,32,67,67
38,33,61,61
38,34,53,53
38,35,48,48
38,36,47,47
38,37,46,46
38,38,45,45
38,39,44,44
38,40,36,36
38,41,29,29
38,42,62,62
38,43,91,91
38,44,80,80
38,45,72,72
38,46,64,64
38,47,63,63
38,48,59,59
38,49,56,56
38,50,51,51
38,51,49,49
38,52,43,43
38,53,34,34
38,54,71,71
38,55,77,77
38,56,87,87
38,57,79,79
38,58,76,76
38,59,73,73
38,60,68,68
39,1,213,213
39,2,107,107
39,3,90,90
39,4,70,70
39,5,50,50
39,6,91,91
39,7,103,103
39,8,86,86
39,9,73,73
39,10,62,62
39,11,57,57
39,12,54,54
39,13,51,51
39,14,49,49
39,15,45,45
39,16,37,37
39,17,30,30
39,18,67,67
39,19,72,72
39,20,72,72
39,21,63,63
39,22,56,56
39,23,48,48
39,24,45,45
39,25,45,45
39,26,43,43
39,27,39,39
39,28,30,30
39,29,25,25
39,30,50,50
39,31,72,72
39,32,62,62
39,33,56,56
39,34,50,50
39,35,48,48
39,36,47,47
39,37,46,46
39,38,41,41
39,39,40,40
39,40,31,31
39,41,28,28
39,42,44,44
39,43,57,57
39,44,59,59
39,45,48,48
39,46,44,44
39,47,43,43
39,48,43,43
39,49,41,41
39,50,38,38
39,51,33,33
39,52,29,29
39,53,26,26
39,54,65,65
39,55,72,72
39,56,65,65
39,57,56,56
39,58,53,53
39,59,50,50
39,60,49,49
40,1,216,216
40,2,125,125
40,3,109,109
40,4,82,82
40,5,57,57
40,6,119,119
40,7,126,126
40,8,101,101
40,9,85,85
40,10,76,76
40,11,70,70
40,12,68,68
40,13,67,67
40,14,62,62
40,15,57,57
40,16,48,48
40,17,37,37
40,18,63,63
40,19,86,86
40,20,76,76
40,21,70,70
40,22,60,60
40,23,57,57
40,24,53,53
40,25,52,52
40,26,50,50
40,27,45,45
40,28,41,41
40,29,33,33
40,30,71,71
40,31,81,81
40,32,85,85
40,33,76,76
40,34,66,66
40,35,63,63
40,36,61,61
40,37,60,60
40,38,59,59
40,39,55,55
40,40,49,49
40,41,38,38
40,42,75,75
40,43,93,93
40,44,93,93
40,45,76,76
40,46,63,63
40,47,59,59
40,48,56,56
40,49,55,55
40,50,53,53
40,51,50,50
40,52,44,44
40,53,33,33
40,54,69,69
40,55,83,83
40,56,90,90
40,57,80,80
40,58,67,67
40,59,65,65
40,60,61,61
41,1,217,217
41,2,128,128
41,3,108,108
41,4,86,86
41,5,54,54
41,6,115,115
41,7,129,129
41,8,107,107
41,9,91,91
41,10,81,81
41,11,74,74
41,12,72,72
41,13,70,70
41,14,63,63
41,15,55,55
41,16,39,39
41,17,30,30
41,18,64,64
41,19,61,61
41,20,55,55
41,21,54,54
41,22,49,49
41,23,48,48
41,24,46,46
41,25,43,43
41,26,42,42
41,27,33,33
41,28,27,27
41,29,22,22
41,30,45,45
41,31,62,62
41,32,66,66
41,33,57,57
41,34,49,49
41,35,47,47
41,36,44,44
41,37,43,43
41,38,41,41
41,39,37,37
41,40,36,36
41,41,27,27
41,42,57,57
41,43,66,66
41,44,54,54
41,45,46,46
41,46,43,43
41,47,38,38
41,48,38,38
41,49,37,37
41,50,36,36
41,51,32,32
41,52,27,27
41,53,23,23
41,54,43,43
41,55,54,54
41,56,53,53
41,57,44,44
41,58,40,40
41,59,39,39
41,60,38,38
42,1,223,223
42,2,122,122
42,3,100,100
42,4,73,73
42,5,52,52
42,6,100,100
42,7,114,114
42,8,107,107
42,9,94,94
42,10,86,86
42,11,80,80
42,12,76,76
42,13,75,75
42,14,67,67
42,15,59,59
42,16,49,49
42,17,44,44
42,18,82,82
42,19,113,113
42,20,99,99
42,21,89,89
42,22,84,84
42,23,75,75
42,24,74,74
42,25,72,72
42,26,67,67
42,27,56,56
42,28,47,47
42,29,32,32
42,30,67,67
42,31,71,71
42,32,59,59
42,33,52,52
42,34,44,44
42,35,38,38
42,36,38,38
42,37,37,37
42,38,36,36
42,39,34,34
42,40,27,27
42,41,24,24
42,42,41,41
42,43,57,57
42,44,45,45
42,45,40,40
42,46,35,35
42,47,34,34
42,48,33,33
42,49,32,32
42,50,30,30
42,51,30,30
42,52,22,22
42,53,19,19
42,54,35,35
42,55,37,37
42,56,30,30
42,57,25,25
42,58,20,20
42,59,19,19
42,60,18,18
43,1,229,229
43,2,107,107
43,3,91,91
43,4,70,70
43,5,47,47
43,6,81,81
43,7,86,86
43,8,71,71
43,9,61,61
43,10,58,58
43,11,52,52
43,12,47,47
43,13,44,44
43,14,40,40
43,15,35,35
43,16,28,28
43,17,20,20
43,18,36,36
43,19,49,49
43,20,47,47
43,21,41,41
43,22,38,38
43,23,37,37
43,24,36,36
43,25,36,36
43,26,32,32
43,27,29,29
43,28,24,24
43,29,22,22
43,30,42,42
43,31,44,44
43,32,43,43
43,33,35,35
43,34,30,30
43,35,28,28
43,36,27,27
43,37,25,25
43,38,24,24
43,39,21,21
43,40,16,16
43,41,15,15
43,42,31,31
43,43,38,38
43,44,33,33
43,45,26,26
43,46,26,26
43,47,25,25
43,48,24,24
43,49,23,23
43,50,21,21
43,51,20,20
43,52,15,15
43,53,13,13
43,54,31,31
43,55,31,31
43,56,28,28
43,57,25,25
43,58,18,18
43,59,16,16
43,60,16,16
44,1,222,222
44,2,128,128
44,3,113,113
44,4,84,84
44,5,62,62
44,6,122,122
44,7,142,142
44,8,120,120
44,9,105,105
44,10,93,93
44,11,90,90
44,12,83,83
44,13,81,81
44,14,80,80
44,15,69,69
44,16,55,55
44,17,37,37
44,18,80,80
44,19,96,96
44,20,87,87
44,21,76,76
44,22,70,70
44,23,67,67
44,24,62,62
44,25,61,61
44,26,56,56
44,27,53,53
44,28,46,46
44,29,39,39
44,30,76,76
44,31,90,90
44,32,78,78
44,33,67,67
44,34,59,59
44,35,56,56
44,36,54,54
44,37,52,52
44,38,47,47
44,39,44,44
44,40,33,33
44,41,27,27
44,42,62,62
44,43,63,63
44,44,50,50
44,45,46,46
44,46,40,40
44,47,37,37
44,48,35,35
44,49,34,34
44,50,32,32
44,51,29,29
44,52,20,20
44,53,14,14
44,54,29,29
44,55,37,37
44,56,28,28
44,57,26,26
44,58,24,24
44,59,23,23
44,60,23,23
45,1,221,221
45,2,121,121
45,3,107,107
45,4,76,76
45,5,54,54
45,6,105,105
45,7,131,131
45,8,111,111
45,9,101,101
45,10,87,87
45,11,79,79
45,12,76,76
45,13,73,73
45,14,70,70
45,15,66,66
45,16,55,55
45,17,44,44
45,18,88,88
45,19,98,98
45,20,94,94
45,21,84,84
45,22,75,75
45,23,68,68
45,24,61,61
45,25,60,60
45,26,56,56
45,27,50,50
45,28,42,42
45,29,33,33
45,30,71,71
45,31,97,97
45,32,93,93
45,33,85,85
45,34,74,74
45,35,71,71
45,36,64,64
45,37,62,62
45,38,58,58
45,39,48,48
45,40,38,38
45,41,28,28
45,42,71,71
45,43,78,78
45,44,75,75
45,45,63,63
45,46,59,59
45,47,54,54
45,48,52,52
45,49,52,52
45,50,50,50
45,51,46,46
45,52,35,35
45,53,30,30
45,54,56,56
45,55,82,82
45,56,73,73
45,57,70,70
45,58,62,62
45,59,56,56
45,60,54,54
46,1,220,220
46,2,118,118
46,3,101,101
46,4,74,74
46,5,54,54
46,6,90,90
46,7,103,103
46,8,84,84
46,9,76,76
46,10,64,64
46,11,61,61
46,12,55,55
46,13,52,52
46,14,49,49
46,15,46,46
46,16,36,36
46,17,28,28
46,18,57,57
46,19,70,70
46,20,63,63
46,21,57,57
46,22,49,49
46,23,42,42
46,24,42,42
46,25,40,40
46,26,38,38
46,27,34,34
46,28,28,28
46,29,19,19
46,30,41,41
46,31,45,45
46,32,41,41
46,33,37,37
46,34,34,34
46,35,31,31
46,36,30,30
46,37,30,30
46,38,26,26
46,39,23,23
46,40,16,16
46,41,14,14
46,42,33,33
46,43,36,36
46,44,32,32
46,45,26,26
46,46,23,23
46,47,22,22
46,48,22,22
46,49,20,20
46,50,18,18
46,51,17,17
46,52,14,14
46,53,8,8
46,54,14,14
46,55,15,15
46,56,12,12
46,57,8,8
46,58,6,6
46,59,6,6
46,60,6,6
47,1,219,219
47,2,131,131
47,3,111,111
47,4,89,89
47,5,60,60
47,6,105,105
47,7,139,139
47,8,124,124
47,9,107,107
47,10,96,96
47,11,91,91
47,12,88,88
47,13,83,83
47,14,76,76
47,15,69,69
47,16,56,56
47,17,47,47
47,18,96,96
47,19,108,108
47,20,97,97
47,21,84,84
47,22,74,74
47,23,71,71
47,24,67,67
47,25,63,63
47,26,54,54
47,27,47,47
47,28,38,38
47,29,28,28
47,30,60,60
47,31,88,88
47,32,85,85
47,33,73,73
47,34,62,62
47,35,57,57
47,36,51,51
47,37,51,51
47,38,48,48
47,39,44,44
47,40,33,33
47,41,25,25
47,42,48,48
47,43,53,53
47,44,47,47
47,45,43,43
47,46,39,39
47,47,37,37
47,48,36,36
47,49,33,33
47,50,31,31
47,51,27,27
47,52,22,22
47,53,16,16
47,54,31,31
47,55,33,33
47,56,31,31
47,57,26,26
47,58,24,24
47,59,22,22
47,60,21,21
48,1,226,226
48,2,130,130
48,3,111,111
48,4,88,88
48,5,64,64
48,6,115,115
48,7,135,135
48,8,128,128
48,9,111,111
48,10,97,97
48,11,86,86
48,12,83,83
48,13,82,82
48,14,80,80
48,15,66,66
48,16,57,57
48,17,46,46
48,18,90,90
48,19,105,105
48,20,90,90
48,21,77,77
48,22,70,70
48,23,65,65
48,24,59,59
48,25,59,59
48,26,57,57
48,27,53,53
48,28,46,46
48,29,35,35
48,30,63,63
48,31,63,63
48,32,54,54
48,33,47,47
48,34,42,42
48,35,41,41
48,36,38,38
48,37,38,38
48,38,35,35
48,39,34,34
48,40,25,25
48,41,21,21
48,42,43,43
48,43,48,48
48,44,44,44
48,45,36,36
48,46,35,35
48,47,34,34
48,48,34,34
48,49,32,32
48,50,31,31
48,51,27,27
48,52,19,19
48,53,17,17
48,54,36,36
48,55,43,43
48,56,47,47
48,57,40,40
48,58,30,30
48,59,30,30
48,60,30,30
49,1,215,215
49,2,115,115
49,3,98,98
49,4,66,66
49,5,44,44
49,6,83,83
49,7,118,118
49,8,108,108
49,9,94,94
49,10,85,85
49,11,80,80
49,12,72,72
49,13,71,71
49,14,68,68
49,15,61,61
49,16,47,47
49,17,31,31
49,18,64,64
49,19,77,77
49,20,64,64
49,21,58,58
49,22,50,50
49,23,48,48
49,24,46,46
49,25,44,44
49,26,43,43
49,27,39,39
49,28,31,31
49,29,27,27
49,30,54,54
49,31,60,60
49,32,54,54
49,33,49,49
49,34,46,46
49,35,43,43
49,36,43,43
49,37,41,41
49,38,38,38
49,39,34,34
49,40,30,30
49,41,27,27
49,42,59,59
49,43,66,66
49,44,59,59
49,45,53,53
49,46,45,45
49,47,38,38
49,48,35,35
49,49,34,34
49,50,33,33
49,51,29,29
49,52,26,26
49,53,20,20
49,54,48,48
49,55,55,55
49,56,58,58
49,57,48,48
49,58,41,41
49,59,38,38
49,60,35,35
50,1,216,216
50,2,121,121
50,3,104,104
50,4,86,86
50,5,59,59
50,6,119,119
50,7,146,146
50,8,125,125
50,9,107,107
50,10,94,94
50,11,89,89
50,12,85,85
50,13,81,81
50,14,79,79
50,15,71,71
50,16,61,61
50,17,45,45
50,18,84,84
50,19,121,121
50,20,114,114
50,21,100,100
50,22,90,90
50,23,87,87
50,24,82,82
50,25,79,79
50,26,74,74
50,27,67,67
50,28,54,54
50,29,38,38
50,30,73,73
50,31,90,90
50,32,92,92
50,33,80,80
50,34,71,71
50,35,65,65
50,36,62,62
50,37,60,60
50,38,58,58
50,39,48,48
50,40,38,38
50,41,31,31
50,42,69,69
50,43,85,85
50,44,91,91
50,45,78,78
50,46,71,71
50,47,65,65
50,48,60,60
50,49,57,57
50,50,52,52
50,51,47,47
50,52,38,38
50,53,30,30
50,54,53,53
50,55,65,65
50,56,65,65
50,57,54,54
50,58,47,47
50,59,42,42
50,60,41,41
51,1,212,212
51,2,124,124
51,3,107,107
51,4,77,77
51,5,54,54
51,6,98,98
51,7,105,105
51,8,91,91
51,9,84,84
51,10,71,71
51,11,67,67
51,12,65,65
51,13,63,63
51,14,60,60
51,15,52,52
51,16,38,38
51,17,31,31
51,18,54,54
51,19,74,74
51,20,66,66
51,21,49,49
51,22,46,46
51,23,44,44
51,24,42,42
51,25,40,40
51,26,39,39
51,27,36,36
51,28,32,32
51,29,22,22
51,30,43,43
51,31,39,39
51,32,34,34
51,33,31,31
51,34,28,28
51,35,27,27
51,36,24,24
51,37,23,23
51,38,22,22
51,39,20,20
51,40,16,16
51,41,15,15
51,42,28,28
51,43,36,36
51,44,33,33
51,45,26,26
51,46,24,24
51,47,22,22
51,48,22,22
51,49,22,22
51,50,22,22
51,51,20,20
51,52,16,16
51,53,14,14
51,54,28,28
51,55,36,36
51,56,38,38
51,57,33,33
51,58,30,30
51,59,28,28
51,60,28,28
52,1,219,219
52,2,126,126
52,3,106,106
52,4,76,76
52,5,49,49
52,6,102,102
52,7,120,120
52,8,111,111
52,9,95,95
52,10,82,82
52,11,72,72
52,12,69,69
52,13,66,66
52,14,63,63
52,15,58,58
52,16,45,45
52,17,32,32
52,18,64,64
52,19,73,73
52,20,70,70
52,21,62,62
52,22,52,52
52,23,49,49
52,24,48,48
52,25,48,48
52,26,45,45
52,27,37,37
52,28,28,28
52,29,22,22
52,30,42,42
52,31,54,54
52,32,46,46
52,33,41,41
52,34,38,38
52,35,35,35
52,36,33,33
52,37,32,32
52,38,29,29
52,39,25,25
52,40,21,21
52,41,17,17
52,42,40,40
52,43,44,44
52,44,39,39
52,45,34,34
52,46,28,28
52,47,26,26
52,48,26,26
52,49,25,25
52,50,25,25
52,51,24,24
52,52,19,19
52,53,15,15
52,54,24,24
52,55,29,29
52,56,32,32
52,57,27,27
52,58,24,24
52,59,22,22
52,60,21,21
53,1,210,210
53,2,122,122
53,3,104,104
53,4,75,75
53,5,54,54
53,6,100,100
53,7,116,116
53,8,116,116
53,9,98,98
53,10,85,85
53,11,83,83
53,12,77,77
53,13,76,76
53,14,72,72
53,15,66,66
53,16,51,51
53,17,38,38
53,18,77,77
53,19,83,83
53,20,77,77
53,21,69,69
53,22,58,58
53,23,57,57
53,24,53,53
53,25,50,50
53,26,48,48
53,27,45,45
53,28,37,37
53,29,29,29
53,30,57,57
53,31,67,67
53,32,59,59
53,33,53,53
53,34,48,48
53,35,45,45
53,36,42,42
53,37,41,41
53,38,40,40
53,39,36,36
53,40,29,29
53,41,20,20
53,42,45,45
53,43,64,64
53,44,60,60
53,45,50,50
53,46,47,47
53,47,45,45
53,48,45,45
53,49,44,44
53,50,41,41
53,51,32,32
53,52,23,23
53,53,15,15
53,54,37,37
53,55,60,60
53,56,54,54
53,57,46,46
53,58,39,39
53,59,37,37
53,60,30,30
54,1,204,204
54,2,117,117
54,3,93,93
54,4,69,69
54,5,51,51
54,6,89,89
54,7,103,103
54,8,88,88
54,9,76,76
54,10,66,66
54,11,60,60
54,12,56,56
54,13,55,55
54,14,51,51
54,15,45,45
54,16,40,40
54,17,32,32
54,18,58,58
54,19,83,83
54,20,66,66
54,21,60,60
54,22,56,56
54,23,54,54
54,24,51,51
54,25,48,48
54,26,45,45
54,27,41,41
54,28,36,36
54,29,23,23
54,30,48,48
54,31,56,56
54,32,53,53
54,33,46,46
54,34,43,43
54,35,42,42
54,36,39,39
54,37,39,39
54,38,35,35
54,39,32,32
54,40,31,31
54,41,26,26
54,42,49,49
54,43,68,68
54,44,64,64
54,45,58,58
54,46,53,53
54,47,48,48
54,48,46,46
54,49,44,44
54,50,42,42
54,51,35,35
54,52,31,31
54,53,23,23
54,54,49,49
54,55,60,60
54,56,63,63
54,57,51,51
54,58,44,44
54,59,43,43
54,60,39,39
55,1,217,217
55,2,96,96
55,3,82,82
55,4,61,61
55,5,44,44
55,6,83,83
55,7,92,92
55,8,77,77
55,9,72,72
55,10,66,66
55,11,59,59
55,12,55,55
55,13,55,55
55,14,52,52
55,15,47,47
55,16,39,39
55,17,35,35
55,18,68,68
55,19,93,93
55,20,75,75
55,21,66,66
55,22,61,61
55,23,55,55
55,24,54,54
55,25,53,53
55,26,53,53
55,27,50,50
55,28,41,41
55,29,27,27
55,30,60,60
55,31,61,61
55,32,57,57
55,33,45,45
55,34,41,41
55,35,38,38
55,36,37,37
55,37,37,37
55,38,36,36
55,39,32,32
55,40,24,24
55,41,21,21
55,42,46,46
55,43,53,53
55,44,45,45
55,45,40,40
55,46,38,38
55,47,36,36
55,48,34,34
55,49,33,33
55,50,32,32
55,51,32,32
55,52,25,25
55,53,25,25
55,54,64,64
55,55,71,71
55,56,64,64
55,57,56,56
55,58,49,49
55,59,47,47
55,60,46,46
56,1,215,215
56,2,117,117
56,3,105,105
56,4,81,81
56,5,54,54
56,6,105,105
56,7,124,124
56,8,103,103
56,9,94,94
56,10,79,79
56,11,76,76
56,12,74,74
56,13,71,71
56,14,66,66
56,15,60,60
56,16,48,48
56,17,35,35
56,18,69,69
56,19,84,84
56,20,78,78
56,21,70,70
56,22,66,66
56,23,63,63
56,24,59,59
56,25,59,59
56,26,56,56
56,27,53,53
56,28,45,45
56,29,35,35
56,30,56,56
56,31,69,69
56,32,59,59
56,33,57,57
56,34,46,46
56,35,44,44
56,36,42,42
56,37,42,42
56,38,41,41
56,39,36,36
56,40,29,29
56,41,25,25
56,42,51,51
56,43,65,65
56,44,53,53
56,45,45,45
56,46,40,40
56,47,37,37
56,48,36,36
56,49,35,35
56,50,31,31
56,51,27,27
56,52,23,23
56,53,16,16
56,54,35,35
56,55,37,37
56,56,34,34
56,57,29,29
56,58,27,27
56,59,27,27
56,60,24,24
57,1,216,216
57,2,115,115
57,3,98,98
57,4,84,84
57,5,57,57
57,6,111,111
57,7,117,117
57,8,111,111
57,9,100,100
57,10,86,86
57,11,78,78
57,12,74,74
57,13,70,70
57,14,63,63
57,15,55,55
57,16,49,49
57,17,41,41
57,18,88,88
57,19,106,106
57,20,98,98
57,21,82,82
57,22,72,72
57,23,69,69
57,24,69,69
57,25,65,65
57,26,60,60
57,27,53,53
57,28,42,42
57,29,37,37
57,30,77,77
57,31,79,79
57,32,79,79
57,33,74,74
57,34,62,62
57,35,56,56
57,36,54,54
57,37,53,53
57,38,53,53
57,39,51,51
57,40,41,41
57,41,34,34
57,42,62,62
57,43,79,79
57,44,80,80
57,45,74,74
57,46,68,68
57,47,65,65
57,48,63,63
57,49,61,61
57,50,58,58
57,51,56,56
57,52,44,44
57,53,33,33
57,54,66,66
57,55,79,79
57,56,83,83
57,57,72,72
57,58,65,65
57,59,64,64
57,60,58,58
58,1,214,214
58,2,117,117
58,3,104,104
58,4,71,71
58,5,47,47
58,6,93,93
58,7,114,114
58,8,103,103
58,9,86,86
58,10,73,73
58,11,70,70
58,12,68,68
58,13,65,65
58,14,59,59
58,15,54,54
58,16,46,46
58,17,31,31
58,18,65,65
58,19,85,85
58,20,84,84
58,21,76,76
58,22,70,70
58,23,69,69
58,24,68,68
58,25,66,66
58,26,62,62
58,27,56,56
58,28,47,47
58,29,35,35
58,30,71,71
58,31,87,87
58,32,86,86
58,33,69,69
58,34,64,64
58,35,61,61
58,36,59,59
58,37,59,59
58,38,58,58
58,39,48,48
58,40,42,42
58,41,34,34
58,42,72,72
58,43,86,86
58,44,83,83
58,45,70,70
58,46,64,64
58,47,60,60
58,48,56,56
58,49,55,55
58,50,52,52
58,51,48,48
58,52,37,37
58,53,28,28
58,54,72,72
58,55,82,82
58,56,82,82
58,57,70,70
58,58,64,64
58,59,60,60
58,60,57,57
59,1,218,218
59,2,131,131
59,3,112,112
59,4,90,90
59,5,67,67
59,6,111,111
59,7,124,124
59,8,115,115
59,9,96,96
59,10,82,82
59,11,78,78
59,12,72,72
59,13,70,70
59,14,65,65
59,15,58,58
59,16,47,47
59,17,37,37
59,18,68,68
59,19,83,83
59,20,75,75
59,21,65,65
59,22,57,57
59,23,52,52
59,24,52,52
59,25,50,50
59,26,48,48
59,27,43,43
59,28,37,37
59,29,29,29
59,30,65,65
59,31,74,74
59,32,61,61
59,33,55,55
59,34,51,51
59,35,50,50
59,36,48,48
59,37,47,47
59,38,42,42
59,39,38,38
59,40,32,32
59,41,23,23
59,42,43,43
59,43,52,52
59,44,60,60
59,45,56,56
59,46,50,50
59,47,49,49
59,48,47,47
59,49,47,47
59,50,42,42
59,51,39,39
59,52,29,29
59,53,23,23
59,54,49,49
59,55,53,53
59,56,53,53
59,57,45,45
59,58,36,36
59,59,32,32
59,60,31,31
60,1,225,225
60,2,137,137
60,3,117,117
60,4,92,92
60,5,65,65
60,6,129,129
60,7,141,141
60,8,122,122
60,9,106,106
60,10,94,94
60,11,85,85
60,12,79,79
60,13,72,72
60,14,67,67
60,15,57,57
60,16,45,45
60,17,35,35
60,18,64,64
60,19,80,80
60,20,82,82
60,21,72,72
60,22,70,70
60,23,68,68
60,24,65,65
60,25,62,62
60,26,56,56
60,27,54,54
60,28,43,43
60,29,36,36
60,30,63,63
60,31,88,88
60,32,86,86
60,33,76,76
60,34,67,67
60,35,62,62
60,36,58,58
60,37,58,58
60,38,54,54
60,39,51,51
60,40,40,40
60,41,32,32
60,42,59,59
60,43,71,71
60,44,71,71
60,45,64,64
60,46,61,61
60,47,54,54
60,48,52,52
60,49,49,49
60,50,47,47
60,51,41,41
60,52,35,35
60,53,31,31
60,54,68,68
60,55,79,79
60,56,71,71
60,57,60,60
60,58,56,56
60,59,50,50
60,60,48,48
61,1,221,221
61,2,127,127
61,3,110,110
61,4,74,74
61,5,55,55
61,6,115,115
61,7,134,134
61,8,115,115
61,9,100,100
61,10,83,83
61,11,78,78
61,12,75,75
61,13,75,75
61,14,69,69
61,15,57,57
61,16,49,49
61,17,38,38
61,18,81,81
61,19,100,100
61,20,98,98
61,21,83,83
61,22,71,71
61,23,65,65
61,24,57,57
61,25,57,57
61,26,55,55
61,27,52,52
61,28,41,41
61,29,36,36
61,30,73,73
61,31,92,92
61,32,88,88
61,33,73,73
61,34,66,66
61,35,62,62
61,36,61,61
61,37,59,59
61,38,53,53
61,39,46,46
61,40,35,35
61,41,28,28
61,42,53,53
61,43,64,64
61,44,54,54
61,45,49,49
61,46,46,46
61,47,40,40
61,48,37,37
61,49,37,37
61,50,35,35
61,51,31,31
61,52,25,25
61,53,23,23
61,54,45,45
61,55,61,61
61,56,54,54
61,57,51,51
61,58,43,43
61,59,42,42
61,60,41,41
62,1,225,225
62,2,115,115
62,3,96,96
62,4,82,82
62,5,57,57
62,6,109,109
62,7,128,128
62,8,107,107
62,9,88,88
62,10,78,78
62,11,70,70
62,12,66,66
62,13,65,65
62,14,60,60
62,15,59,59
62,16,42,42
62,17,32,32
62,18,60,60
62,19,66,66
62,20,70,70
62,21,63,63
62,22,57,57
62,23,53,53
62,24,48,48
62,25,48,48
62,26,45,45
62,27,40,40
62,28,29,29
62,29,23,23
62,30,36,36
62,31,43,43
62,32,41,41
62,33,33,33
62,34,29,29
62,35,25,25
62,36,24,24
62,37,24,24
62,38,22,22
62,39,22,22
62,40,17,17
62,41,13,13
62,42,27,27
62,43,28,28
62,44,31,31
62,45,28,28
62,46,26,26
62,47,26,26
62,48,26,26
62,49,25,25
62,50,25,25
62,51,22,22
62,52,17,17
62,53,14,14
62,54,23,23
62,55,34,34
62,56,25,25
62,57,25,25
62,58,23,23
62,59,19,19
62,60,18,18
63,1,211,211
63,2,125,125
63,3,113,113
63,4,90,90
63,5,66,66
63,6,146,146
63,7,173,173
63,8,150,150
63,9,127,127
63,10,112,112
63,11,107,107
63,12,103,103
63,13,99,99
63,14,91,91
63,15,85,85
63,16,62,62
63,17,48,48
63,18,84,84
63,19,102,102
63,20,100,100
63,21,84,84
63,22,75,75
63,23,69,69
63,24,68,68
63,25,65,65
63,26,59,59
63,27,56,56
63,28,46,46
63,29,37,37
63,30,77,77
63,31,86,86
63,32,67,67
63,33,56,56
63,34,51,51
63,35,45,45
63,36,44,44
63,37,43,43
63,38,41,41
63,39,38,38
63,40,33,33
63,41,25,25
63,42,59,59
63,43,61,61
63,44,68,68
63,45,58,58
63,46,52,52
63,47,50,50
63,48,49,49
63,49,46,46
63,50,40,40
63,51,35,35
63,52,26,26
63,53,22,22
63,54,40,40
63,55,56,56
63,56,55,55
63,57,49,49
63,58,44,44
63,59,39,39
63,60,38,38
64,1,214,214
64,2,100,100
64,3,82,82
64,4,60,60
64,5,39,39
64,6,72,72
64,7,90,90
64,8,76,76
64,9,67,67
64,10,57,57
64,11,52,52
64,12,52,52
64,13,50,50
64,14,48,48
64,15,42,42
64,16,33,33
64,17,24,24
64,18,58,58
64,19,67,67
64,20,55,55
64,21,52,52
64,22,50,50
64,23,49,49
64,24,44,44
64,25,44,44
64,26,41,41
64,27,32,32
64,28,28,28
64,29,21,21
64,30,57,57
64,31,63,63
64,32,55,55
64,33,51,51
64,34,43,43
64,35,41,41
64,36,39,39
64,37,38,38
64,38,35,35
64,39,33,33
64,40,28,28
64,41,25,25
64,42,52,52
64,43,61,61
64,44,47,47
64,45,35,35
64,46,34,34
64,47,31,31
64,48,30,30
64,49,30,30
64,50,29,29
64,51,27,27
64,52,23,23
64,53,17,17
64,54,24,24
64,55,28,28
64,56,26,26
64,57,25,25
64,58,23,23
64,59,21,21
64,60,21,21
65,1,213,213
65,2,119,119
65,3,105,105
65,4,83,83
65,5,51,51
65,6,86,86
65,7,102,102
65,8,78,78
65,9,65,65
65,10,61,61
65,11,55,55
65,12,55,55
65,13,54,54
65,14,52,52
65,15,44,44
65,16,36,36
65,17,30,30
65,18,58,58
65,19,72,72
65,20,71,71
65,21,57,57
65,22,49,49
65,23,48,48
65,24,46,46
65,25,46,46
65,26,44,44
65,27,42,42
65,28,33,33
65,29,21,21
65,30,51,51
65,31,60,60
65,32,55,55
65,33,48,48
65,34,45,45
65,35,44,44
65,36,42,42
65,37,41,41
65,38,36,36
65,39,33,33
65,40,24,24
65,41,20,20
65,42,45,45
65,43,49,49
65,44,49,49
65,45,43,43
65,46,39,39
65,47,36,36
65,48,36,36
65,49,36,36
65,50,35,35
65,51,33,33
65,52,27,27
65,53,20,20
65,54,37,37
65,55,41,41
65,56,38,38
65,57,34,34
65,58,32,32
65,59,29,29
65,60,28,28
66,1,216,216
66,2,114,114
66,3,91,91
66,4,71,71
66,5,49,49
66,6,105,105
66,7,115,115
66,8,95,95
66,9,80,80
66,10,75,75
66,11,71,71
66,12,69,69
66,13,66,66
66,14,62,62
66,15,56,56
66,16,48,48
66,17,35,35
66,18,71,71
66,19,85,85
66,20,76,76
66,21,65,65
66,22,60,60
66,23,55,55
66,24,53,53
66,25,53,53
66,26,50,50
66,27,45,45
66,28,34,34
66,29,25,25
66,30,48,48
66,31,51,51
66,32,45,45
66,33,39,39
66,34,35,35
66,35,33,33
66,36,31,31
66,37,30,30
66,38,29,29
66,39,28,28
66,40,18,18
66,41,15,15
66,42,29,29
66,43,37,37
66,44,30,30
66,45,23,23
66,46,22,22
66,47,21,21
66,48,20,20
66,49,20,20
66,50,18,18
66,51,17,17
66,52,15,15
66,53,11,11
66,54,20,20
66,55,19,19
66,56,16,16
66,57,15,15
66,58,14,14
66,59,14,14
66,60,14,14
67,1,217,217
67,2,124,124
67,3,111,111
67,4,88,88
67,5,66,66
67,6,133,133
67,7,146,146
67,8,133,133
67,9,109,109
67,10,96,96
67,11,90,90
67,12,85,85
67,13,80,80
67,14,73,73
67,15,68,68
67,16,58,58
67,17,47,47
67,18,88,88
67,19,106,106
67,20,110,110
67,21,98,98
67,22,86,86
67,23,81,81
67,24,75,75
67,25,71,71
67,26,65,65
67,27,60,60
67,28,47,47
67,29,35,35
67,30,69,69
67,31,90,90
67,32,92,92
67,33,78,78
67,34,64,64
67,35,62,62
67,36,57,57
67,37,56,56
67,38,52,52
67,39,41,41
67,40,34,34
67,41,22,22
67,42,56,56
67,43,70,70
67,44,70,70
67,45,62,62
67,46,57,57
67,47,56,56
67,48,52,52
67,49,51,51
67,50,47,47
67,51,41,41
67,52,33,33
67,53,24,24
67,54,48,48
67,55,68,68
67,56,69,69
67,57,58,58
67,58,48,48
67,59,47,47
67,60,43,43
68,1,224,224
68,2,114,114
68,3,95,95
68,4,75,75
68,5,61,61
68,6,131,131
68,7,140,140
68,8,125,125
68,9,108,108
68,10,94,94
68,11,86,86
68,12,80,80
68,13,76,76
68,14,69,69
68,15,60,60
68,16,49,49
68,17,33,33
68,18,62,62
68,19,81,81
68,20,72,72
68,21,59,59
68,22,56,56
68,23,51,51
68,24,45,45
68,25,44,44
68,26,41,41
68,27,37,37
68,28,31,31
68,29,25,25
68,30,48,48
68,31,61,61
68,32,56,56
68,33,50,50
68,34,44,44
68,35,40,40
68,36,38,38
68,37,37,37
68,38,34,34
68,39,31,31
68,40,27,27
68,41,21,21
68,42,43,43
68,43,52,52
68,44,49,49
68,45,42,42
68,46,39,39
68,47,35,35
68,48,33,33
68,49,32,32
68,50,29,29
68,51,23,23
68,52,19,19
68,53,13,13
68,54,23,23
68,55,33,33
68,56,29,29
68,57,24,24
68,58,18,18
68,59,17,17
68,60,16,16
69,1,228,228
69,2,128,128
69,3,112,112
69,4,88,88
69,5,59,59
69,6,112,112
69,7,122,122
69,8,106,106
69,9,89,89
69,10,76,76
69,11,70,70
69,12,64,64
69,13,61,61
69,14,57,57
69,15,54,54
69,16,45,45
69,17,36,36
69,18,72,72
69,19,90,90
69,20,88,88
69,21,83,83
69,22,74,74
69,23,70,70
69,24,67,67
69,25,66,66
69,26,62,62
69,27,57,57
69,28,51,51
69,29,39,39
69,30,74,74
69,31,96,96
69,32,95,95
69,33,78,78
69,34,72,72
69,35,66,66
69,36,66,66
69,37,66,66
69,38,63,63
69,39,60,60
69,40,49,49
69,41,36,36
69,42,76,76
69,43,97,97
69,44,88,88
69,45,79,79
69,46,71,71
69,47,65,65
69,48,60,60
69,49,59,59
69,50,58,58
69,51,55,55
69,52,41,41
69,53,30,30
69,54,61,61
69,55,78,78
69,56,81,81
69,57,74,74
69,58,66,66
69,59,57,57
69,60,55,55
70,1,225,225
70,2,119,119
70,3,108,108
70,4,70,70
70,5,45,45
70,6,87,87
70,7,100,100
70,8,86,86
70,9,76,76
70,10,71,71
70,11,67,67
70,12,65,65
70,13,63,63
70,14,53,53
70,15,47,47
70,16,35,35
70,17,22,22
70,18,42,42
70,19,49,49
70,20,52,52
70,21,46,46
70,22,42,42
70,23,40,40
70,24,38,38
70,25,36,36
70,26,35,35
70,27,32,32
70,28,25,25
70,29,24,24
70,30,48,48
70,31,60,60
70,32,58,58
70,33,48,48
70,34,36,36
70,35,34,34
70,36,33,33
70,37,33,33
70,38,31,31
70,39,26,26
70,40,19,19
70,41,15,15
70,42,31,31
70,43,40,40
70,44,39,39
70,45,33,33
70,46,31,31
70,47,30,30
70,48,27,27
70,49,27,27
70,50,25,25
70,51,22,22
70,52,16,16
70,53,15,15
70,54,32,32
70,55,39,39
70,56,42,42
70,57,40,40
70,58,37,37
70,59,34,34
70,60,34,34
71,1,218,218
71,2,118,118
71,3,107,107
71,4,81,81
71,5,59,59
71,6,127,127
71,7,119,119
71,8,115,115
71,9,98,98
71,10,84,84
71,11,74,74
71,12,66,66
71,13,63,63
71,14,59,59
71,15,52,52
71,16,43,43
71,17,33,33
71,18,61,61
71,19,81,81
71,20,57,57
71,21,49,49
71,22,45,45
71,23,42,42
71,24,41,41
71,25,39,39
71,26,37,37
71,27,31,31
71,28,27,27
71,29,18,18
71,30,36,36
71,31,41,41
71,32,40,40
71,33,34,34
71,34,33,33
71,35,33,33
71,36,32,32
71,37,32,32
71,38,30,30
71,39,29,29
71,40,28,28
71,41,22,22
71,42,46,46
71,43,57,57
71,44,58,58
71,45,49,49
71,46,44,44
71,47,37,37
71,48,33,33
71,49,33,33
71,50,33,33
71,51,32,32
71,52,25,25
71,53,19,19
71,54,43,43
71,55,44,44
71,56,56,56
71,57,45,45
71,58,41,41
71,59,37,37
71,60,35,35
72,1,213,213
72,2,115,115
72,3,97,97
72,4,67,67
72,5,44,44
72,6,88,88
72,7,111,111
72,8,93,93
72,9,74,74
72,10,63,63
72,11,58,58
72,12,57,57
72,13,52,52
72,14,49,49
72,15,47,47
72,16,39,39
72,17,29,29
72,18,60,60
72,19,76,76
72,20,69,69
72,21,64,64
72,22,59,59
72,23,52,52
72,24,50,50
72,25,50,50
72,26,48,48
72,27,42,42
72,28,32,32
72,29,24,24
72,30,43,43
72,31,48,48
72,32,40,40
72,33,33,33
72,34,31,31
72,35,29,29
72,36,29,29
72,37,27,27
72,38,26,26
72,39,23,23
72,40,19,19
72,41,14,14
72,42,33,33
72,43,44,44
72,44,43,43
72,45,38,38
72,46,31,31
72,47,31,31
72,48,31,31
72,49,31,31
72,50,27,27
72,51,24,24
72,52,21,21
72,53,18,18
72,54,39,39
72,55,46,46
72,56,41,41
72,57,35,35
72,58,30,30
72,59,28,28
72,60,26,26
73,1,217,217
73,2,107,107
73,3,95,95
73,4,80,80
73,5,55,55
73,6,116,116
73,7,143,143
73,8,120,120
73,9,108,108
73,10,96,96
73,11,93,93
73,12,90,90
73,13,86,86
73,14,85,85
73,15,77,77
73,16,69,69
73,17,53,53
73,18,99,99
73,19,125,125
73,20,131,131
73,21,115,115
73,22,105,105
73,23,100,100
73,24,99,99
73,25,97,97
73,26,93,93
73,27,76,76
73,28,62,62
73,29,52,52
73,30,93,93
73,31,103,103
73,32,105,105
73,33,89,89
73,34,82,82
73,35,73,73
73,36,71,71
73,37,70,70
73,38,65,65
73,39,61,61
73,40,46,46
73,41,38,38
73,42,82,82
73,43,110,110
73,44,110,110
73,45,93,93
73,46,87,87
73,47,81,81
73,48,78,78
73,49,73,73
73,50,65,65
73,51,56,56
73,52,44,44
73,53,39,39
73,54,78,78
73,55,109,109
73,56,103,103
73,57,88,88
73,58,82,82
73,59,77,77
73,60,75,75
74,1,227,227
74,2,122,122
74,3,105,105
74,4,82,82
74,5,60,60
74,6,116,116
74,7,136,136
74,8,113,113
74,9,98,98
74,10,86,86
74,11,79,79
74,12,79,79
74,13,75,75
74,14,68,68
74,15,61,61
74,16,46,46
74,17,36,36
74,18,61,61
74,19,86,86
74,20,80,80
74,21,68,68
74,22,65,65
74,23,63,63
74,24,59,59
74,25,58,58
74,26,51,51
74,27,46,46
74,28,37,37
74,29,27,27
74,30,56,56
74,31,78,78
74,32,61,61
74,33,54,54
74,34,52,52
74,35,50,50
74,36,47,47
74,37,47,47
74,38,45,45
74,39,42,42
74,40,34,34
74,41,26,26
74,42,63,63
74,43,74,74
74,44,67,67
74,45,58,58
74,46,51,51
74,47,46,46
74,48,42,42
74,49,42,42
74,50,40,40
74,51,39,39
74,52,28,28
74,53,19,19
74,54,42,42
74,55,46,46
74,56,46,46
74,57,40,40
74,58,35,35
74,59,33,33
74,60,30,30
75,1,212,212
75,2,118,118
75,3,99,99
75,4,72,72
75,5,49,49
75,6,89,89
75,7,100,100
75,8,88,88
75,9,75,75
75,10,70,70
75,11,67,67
75,12,63,63
75,13,63,63
75,14,61,61
75,15,52,52
75,16,46,46
75,17,32,32
75,18,67,67
75,19,96,96
75,20,90,90
75,21,78,78
75,22,74,74
75,23,70,70
75,24,63,63
75,25,62,62
75,26,60,60
75,27,54,54
75,28,48,48
75,29,42,42
75,30,105,105
75,31,105,105
75,32,98,98
75,33,87,87
75,34,83,83
75,35,77,77
75,36,74,74
75,37,70,70
75,38,68,68
75,39,64,64
75,40,53,53
75,41,35,35
75,42,62,62
75,43,71,71
75,44,68,68
75,45,55,55
75,46,46,46
75,47,42,42
75,48,40,40
75,49,38,38
75,50,35,35
75,51,32,32
75,52,29,29
75,53,25,25
75,54,53,53
75,55,62,62
75,56,63,63
75,57,50,50
75,58,48,48
75,59,46,46
75,60,45,45
76,1,213,213
76,2,117,117
76,3,105,105
76,4,77,77
76,5,52,52
76,6,110,110
76,7,131,131
76,8,97,97
76,9,87,87
76,10,74,74
76,11,64,64
76,12,62,62
76,13,62,62
76,14,60,60
76,15,54,54
76,16,48,48
76,17,39,39
76,18,82,82
76,19,74,74
76,20,68,68
76,21,63,63
76,22,58,58
76,23,52,52
76,24,48,48
76,25,47,47
76,26,46,46
76,27,38,38
76,28,30,30
76,29,23,23
76,30,46,46
76,31,62,62
76,32,55,55
76,33,46,46
76,34,43,43
76,35,38,38
76,36,36,36
76,37,34,34
76,38,33,33
76,39,33,33
76,40,22,22
76,41,15,15
76,42,28,28
76,43,36,36
76,44,37,37
76,45,33,33
76,46,30,30
76,47,29,29
76,48,29,29
76,49,29,29
76,50,29,29
76,51,26,26
76,52,25,25
76,53,20,20
76,54,37,37
76,55,44,44
76,56,43,43
76,57,34,34
76,58,29,29
76,59,23,23
76,60,22,22
77,1,220,220
77,2,124,124
77,3,107,107
77,4,76,76
77,5,58,58
77,6,115,115
77,7,124,124
77,8,108,108
77,9,93,93
77,10,84,84
77,11,81,81
77,12,76,76
77,13,74,74
77,14,66,66
77,15,59,59
77,16,45,45
77,17,37,37
77,18,63,63
77,19,83,83
77,20,74,74
77,21,64,64
77,22,60,60
77,23,53,53
77,24,52,52
77,25,50,50
77,26,49,49
77,27,43,43
77,28,33,33
77,29,25,25
77,30,58,58
77,31,65,65
77,32,68,68
77,33,56,56
77,34,50,50
77,35,48,48
77,36,47,47
77,37,47,47
77,38,44,44
77,39,37,37
77,40,30,30
77,41,24,24
77,42,47,47
77,43,60,60
77,44,66,66
77,45,52,52
77,46,43,43
77,47,41,41
77,48,37,37
77,49,36,36
77,50,34,34
77,51,28,28
77,52,24,24
77,53,20,20
77,54,37,37
77,55,58,58
77,56,59,59
77,57,50,50
77,58,41,41
77,59,38,38
77,60,35,35
78,1,220,220
78,2,100,100
78,3,86,86
78,4,60,60
78,5,37,37
78,6,83,83
78,7,88,88
78,8,70,70
78,9,64,64
78,10,56,56
78,11,52,52
78,12,49,49
78,13,47,47
78,14,46,46
78,15,42,42
78,16,35,35
78,17,29,29
78,18,61,61
78,19,80,80
78,20,70,70
78,21,64,64
78,22,55,55
78,23,49,49
78,24,48,48
78,25,47,47
78,26,46,46
78,27,43,43
78,28,35,35
78,29,29,29
78,30,60,60
78,31,67,67
78,32,72,72
78,33,69,69
78,34,61,61
78,35,58,58
78,36,56,56
78,37,56,56
78,38,54,54
78,39,47,47
78,40,41,41
78,41,35,35
78,42,72,72
78,43,83,83
78,44,91,91
78,45,78,78
78,46,73,73
78,47,71,71
78,48,66,66
78,49,64,64
78,50,63,63
78,51,57,57
78,52,49,49
78,53,37,37
78,54,77,77
78,55,82,82
78,56,79,79
78,57,68,68
78,58,64,64
78,59,62,62
78,60,57,57
79,1,225,225
79,2,119,119
79,3,107,107
79,4,82,82
79,5,67,67
79,6,141,141
79,7,171,171
79,8,144,144
79,9,130,130
79,10,113,113
79,11,104,104
79,12,99,99
79,13,99,99
79,14,92,92
79,15,83,83
79,16,73,73
79,17,57,57
79,18,104,104
79,19,133,133
79,20,125,125
79,21,107,107
79,22,95,95
79,23,86,86
79,24,84,84
79,25,82,82
79,26,81,81
79,27,77,77
79,28,61,61
79,29,50,50
79,30,102,102
79,31,122,122
79,32,104,104
79,33,88,88
79,34,82,82
79,35,74,74
79,36,74,74
79,37,72,72
79,38,68,68
79,39,59,59
79,40,54,54
79,41,45,45
79,42,109,109
79,43,127,127
79,44,116,116
79,45,101,101
79,46,93,93
79,47,87,87
79,48,85,85
79,49,84,84
79,50,77,77
79,51,68,68
79,52,56,56
79,53,40,40
79,54,83,83
79,55,94,94
79,56,81,81
79,57,71,71
79,58,63,63
79,59,60,60
79,60,56,56
80,1,215,215
80,2,120,120
80,3,101,101
80,4,77,77
80,5,58,58
80,6,108,108
80,7,132,132
80,8,118,118
80,9,101,101
80,10,85,85
80,11,82,82
80,12,76,76
80,13,70,70
80,14,61,61
80,15,54,54
80,16,40,40
80,17,29,29
80,18,59,59
80,19,69,69
80,20,70,70
80,21,65,65
80,22,59,59
80,23,54,54
80,24,52,52
80,25,51,51
80,26,48,48
80,27,45,45
80,28,34,34
80,29,24,24
80,30,57,57
80,31,65,65
80,32,55,55
80,33,46,46
80,34,42,42
80,35,39,39
80,36,36,36
80,37,36,36
80,38,32,32
80,39,29,29
80,40,26,26
80,41,18,18
80,42,46,46
80,43,47,47
80,44,41,41
80,45,39,39
80,46,36,36
80,47,33,33
80,48,30,30
80,49,29,29
80,50,28,28
80,51,26,26
80,52,24,24
80,53,19,19
80,54,43,43
80,55,44,44
80,56,35,35
80,57,31,31
80,58,27,27
80,59,26,26
80,60,24,24
81,1,217,217
81,2,130,130
81,3,118,118
81,4,93,93
81,5,64,64
81,6,117,117
81,7,137,137
81,8,118,118
81,9,102,102
81,10,91,91
81,11,87,87
81,12,84,84
81,13,82,82
81,14,79,79
81,15,71,71
81,16,54,54
81,17,47,47
81,18,109,109
81,19,110,110
81,20,110,110
81,21,99,99
81,22,91,91
81,23,88,88
81,24,86,86
81,25,83,83
81,26,83,83
81,27,73,73
81,28,62,62
81,29,48,48
81,30,102,102
81,31,99,99
81,32,85,85
81,33,75,75
81,34,68,68
81,35,61,61
81,36,58,58
81,37,55,55
81,38,54,54
81,39,53,53
81,40,41,41
81,41,30,30
81,42,66,66
81,43,71,71
81,44,51,51
81,45,50,50
81,46,47,47
81,47,43,43
81,48,40,40
81,49,38,38
81,50,33,33
81,51,32,32
81,52,26,26
81,53,20,20
81,54,34,34
81,55,39,39
81,56,32,32
81,57,27,27
81,58,24,24
81,59,24,24
81,60,24,24
82,1,225,225
82,2,130,130
82,3,112,112
82,4,88,88
82,5,66,66
82,6,126,126
82,7,148,148
82,8,134,134
82,9,120,120
82,10,111,111
82,11,98,98
82,12,93,93
82,13,91,91
82,14,85,85
82,15,75,75
82,16,63,63
82,17,47,47
82,18,103,103
82,19,123,123
82,20,112,112
82,21,101,101
82,22,91,91
82,23,85,85
82,24,83,83
82,25,79,79
82,26,75,75
82,27,63,63
82,28,49,49
82,29,37,37
82,30,76,76
82,31,92,92
82,32,91,91
82,33,84,84
82,34,79,79
82,35,76,76
82,36,74,74
82,37,71,71
82,38,62,62
82,39,58,58
82,40,46,46
82,41,36,36
82,42,67,67
82,43,70,70
82,44,65,65
82,45,60,60
82,46,55,55
82,47,48,48
82,48,46,46
82,49,43,43
82,50,40,40
82,51,32,32
82,52,28,28
82,53,23,23
82,54,44,44
82,55,54,54
82,56,53,53
82,57,48,48
82,58,45,45
82,59,45,45
82,60,45,45
83,1,220,220
83,2,122,122
83,3,103,103
83,4,79,79
83,5,51,51
83,6,91,91
83,7,115,115
83,8,106,106
83,9,94,94
83,10,79,79
83,11,73,73
83,12,65,65
83,13,61,61
83,14,59,59
83,15,47,47
83,16,38,38
83,17,26,26
83,18,50,50
83,19,66,66
83,20,54,54
83,21,49,49
83,22,39,39
83,23,37,37
83,24,35,35
83,25,33,33
83,26,30,30
83,27,29,29
83,28,23,23
83,29,16,16
83,30,28,28
83,31,28,28
83,32,22,22
83,33,21,21
83,34,19,19
83,35,17,17
83,36,16,16
83,37,16,16
83,38,16,16
83,39,16,16
83,40,13,13
83,41,11,11
83,42,18,18
83,43,16,16
83,44,14,14
83,45,12,12
83,46,10,10
83,47,9,9
83,48,8,8
83,49,8,8
83,50,8,8
83,51,8,8
83,52,4,4
83,53,2,2
83,54,6,6
83,55,6,6
83,56,7,7
83,57,5,5
83,58,5,5
83,59,5,5
83,60,5,5
84,1,224,224
84,2,126,126
84,3,108,108
84,4,84,84
84,5,61,61
84,6,117,117
84,7,137,137
84,8,123,123
84,9,114,114
84,10,107,107
84,11,99,99
84,12,91,91
84,13,91,91
84,14,83,83
84,15,78,78
84,16,67,67
84,17,55,55
84,18,100,100
84,19,109,109
84,20,104,104
84,21,88,88
84,22,75,75
84,23,70,70
84,24,64,64
84,25,61,61
84,26,59,59
84,27,55,55
84,28,43,43
84,29,31,31
84,30,48,48
84,31,68,68
84,32,64,64
84,33,60,60
84,34,53,53
84,35,51,51
84,36,49,49
84,37,49,49
84,38,44,44
84,39,36,36
84,40,25,25
84,41,20,20
84,42,40,40
84,43,42,42
84,44,43,43
84,45,37,37
84,46,33,33
84,47,33,33
84,48,33,33
84,49,33,33
84,50,30,30
84,51,28,28
84,52,23,23
84,53,16,16
84,54,22,22
84,55,39,39
84,56,35,35
84,57,32,32
84,58,29,29
84,59,27,27
84,60,26,26
85,1,218,218
85,2,126,126
85,3,107,107
85,4,82,82
85,5,62,62
85,6,137,137
85,7,159,159
85,8,159,159
85,9,127,127
85,10,109,109
85,11,101,101
85,12,93,93
85,13,88,88
85,14,81,81
85,15,72,72
85,16,55,55
85,17,44,44
85,18,90,90
85,19,104,104
85,20,102,102
85,21,90,90
85,22,81,81
85,23,74,74
85,24,72,72
85,25,70,70
85,26,68,68
85,27,58,58
85,28,43,43
85,29,29,29
85,30,55,55
85,31,73,73
85,32,80,80
85,33,68,68
85,34,64,64
85,35,60,60
85,36,56,56
85,37,52,52
85,38,48,48
85,39,43,43
85,40,35,35
85,41,30,30
85,42,66,66
85,43,71,71
85,44,75,75
85,45,68,68
85,46,62,62
85,47,53,53
85,48,52,52
85,49,51,51
85,50,50,50
85,51,40,40
85,52,32,32
85,53,22,22
85,54,38,38
85,55,56,56
85,56,55,55
85,57,50,50
85,58,42,42
85,59,40,40
85,60,37,37
86,1,213,213
86,2,108,108
86,3,90,90
86,4,75,75
86,5,48,48
86,6,97,97
86,7,121,121
86,8,97,97
86,9,81,81
86,10,72,72
86,11,64,64
86,12,63,63
86,13,59,59
86,14,54,54
86,15,49,49
86,16,36,36
86,17,26,26
86,18,47,47
86,19,67,67
86,20,59,59
86,21,53,53
86,22,46,46
86,23,40,40
86,24,35,35
86,25,34,34
86,26,32,32
86,27,30,30
86,28,24,24
86,29,15,15
86,30,33,33
86,31,32,32
86,32,23,23
86,33,21,21
86,34,20,20
86,35,20,20
86,36,20,20
86,37,19,19
86,38,19,19
86,39,17,17
86,40,14,14
86,41,11,11
86,42,19,19
86,43,28,28
86,44,22,22
86,45,19,19
86,46,16,16
86,47,13,13
86,48,12,12
86,49,12,12
86,50,11,11
86,51,10,10
86,52,8,8
86,53,4,4
86,54,7,7
86,55,13,13
86,56,12,12
86,57,11,11
86,58,11,11
86,59,11,11
86,60,10,10
87,1,222,222
87,2,129,129
87,3,111,111
87,4,82,82
87,5,65,65
87,6,108,108
87,7,122,122
87,8,111,111
87,9,99,99
87,10,86,86
87,11,73,73
87,12,67,67
87,13,63,63
87,14,55,55
87,15,49,49
87,16,38,38
87,17,24,24
87,18,48,48
87,19,56,56
87,20,47,47
87,21,41,41
87,22,35,35
87,23,35,35
87,24,35,35
87,25,35,35
87,26,33,33
87,27,31,31
87,28,23,23
87,29,19,19
87,30,41,41
87,31,47,47
87,32,51,51
87,33,44,44
87,34,42,42
87,35,38,38
87,36,38,38
87,37,36,36
87,38,35,35
87,39,32,32
87,40,31,31
87,41,22,22
87,42,43,43
87,43,60,60
87,44,70,70
87,45,62,62
87,46,54,54
87,47,47,47
87,48,46,46
87,49,44,44
87,50,42,42
87,51,36,36
87,52,29,29
87,53,23,23
87,54,45,45
87,55,56,56
87,56,64,64
87,57,59,59
87,58,50,50
87,59,44,44
87,60,42,42
88,1,214,214
88,2,121,121
88,3,103,103
88,4,80,80
88,5,57,57
88,6,100,100
88,7,147,147
88,8,125,125
88,9,106,106
88,10,93,93
88,11,90,90
88,12,84,84
88,13,81,81
88,14,75,75
88,15,60,60
88,16,44,44
88,17,28,28
88,18,62,62
88,19,74,74
88,20,73,73
88,21,64,64
88,22,57,57
88,23,53,53
88,24,51,51
88,25,50,50
88,26,47,47
88,27,45,45
88,28,33,33
88,29,25,25
88,30,46,46
88,31,53,53
88,32,43,43
88,33,35,35
88,34,32,32
88,35,32,32
88,36,31,31
88,37,31,31
88,38,31,31
88,39,24,24
88,40,19,19
88,41,13,13
88,42,21,21
88,43,28,28
88,44,29,29
88,45,25,25
88,46,21,21
88,47,21,21
88,48,19,19
88,49,19,19
88,50,17,17
88,51,14,14
88,52,8,8
88,53,6,6
88,54,20,20
88,55,21,21
88,56,23,23
88,57,23,23
88,58,20,20
88,59,17,17
88,60,17,17
89,1,217,217
89,2,111,111
89,3,100,100
89,4,74,74
89,5,55,55
89,6,125,125
89,7,120,120
89,8,88,88
89,9,76,76
89,10,70,70
89,11,63,63
89,12,59,59
89,13,57,57
89,14,52,52
89,15,51,51
89,16,45,45
89,17,36,36
89,18,63,63
89,19,73,73
89,20,60,60
89,21,55,55
89,22,49,49
89,23,45,45
89,24,45,45
89,25,45,45
89,26,44,44
89,27,37,37
89,28,33,33
89,29,25,25
89,30,53,53
89,31,59,59
89,32,49,49
89,33,44,44
89,34,40,40
89,35,36,36
89,36,34,34
89,37,33,33
89,38,32,32
89,39,28,28
89,40,22,22
89,41,19,19
89,42,40,40
89,43,44,44
89,44,39,39
89,45,32,32
89,46,31,31
89,47,27,27
89,48,24,24
89,49,24,24
89,50,21,21
89,51,19,19
89,52,14,14
89,53,14,14
89,54,34,34
89,55,46,46
89,56,35,35
89,57,34,34
89,58,33,33
89,59,31,31
89,60,29,29
90,1,220,220
90,2,126,126
90,3,107,107
90,4,87,87
90,5,58,58
90,6,117,117
90,7,129,129
90,8,116,116
90,9,99,99
90,10,91,91
90,11,80,80
90,12,77,77
90,13,75,75
90,14,68,68
90,15,65,65
90,16,48,48
90,17,39,39
90,18,83,83
90,19,107,107
90,20,102,102
90,21,83,83
90,22,71,71
90,23,68,68
90,24,63,63
90,25,62,62
90,26,59,59
90,27,53,53
90,28,43,43
90,29,40,40
90,30,74,74
90,31,102,102
90,32,89,89
90,33,77,77
90,34,67,67
90,35,60,60
90,36,59,59
90,37,57,57
90,38,56,56
90,39,54,54
90,40,40,40
90,41,32,32
90,42,70,70
90,43,76,76
90,44,79,79
90,45,68,68
90,46,62,62
90,47,59,59
90,48,57,57
90,49,57,57
90,50,56,56
90,51,49,49
90,52,41,41
90,53,37,37
90,54,71,71
90,55,89,89
90,56,93,93
90,57,78,78
90,58,74,74
90,59,70,70
90,60,70,70
91,1,214,214
91,2,105,105
91,3,91,91
91,4,68,68
91,5,49,49
91,6,95,95
91,7,101,101
91,8,82,82
91,9,67,67
91,10,62,62
91,11,57,57
91,12,50,50
91,13,48,48
91,14,45,45
91,15,40,40
91,16,34,34
91,17,25,25
91,18,49,49
91,19,66,66
91,20,60,60
91,21,55,55
91,22,49,49
91,23,45,45
91,24,42,42
91,25,41,41
91,26,39,39
91,27,35,35
91,28,32,32
91,29,22,22
91,30,46,46
91,31,40,40
91,32,41,41
91,33,40,40
91,34,35,35
91,35,29,29
91,36,28,28
91,37,26,26
91,38,26,26
91,39,23,23
91,40,21,21
91,41,17,17
91,42,30,30
91,43,46,46
91,44,50,50
91,45,41,41
91,46,35,35
91,47,33,33
91,48,32,32
91,49,31,31
91,50,29,29
91,51,26,26
91,52,21,21
91,53,15,15
91,54,25,25
91,55,27,27
91,56,22,22
91,57,20,20
91,58,17,17
91,59,16,16
91,60,16,16
92,1,229,229
92,2,132,132
92,3,118,118
92,4,97,97
92,5,67,67
92,6,132,132
92,7,162,162
92,8,135,135
92,9,117,117
92,10,99,99
92,11,90,90
92,12,88,88
92,13,84,84
92,14,78,78
92,15,75,75
92,16,63,63
92,17,50,50
92,18,97,97
92,19,123,123
92,20,110,110
92,21,96,96
92,22,87,87
92,23,77,77
92,24,71,71
92,25,67,67
92,26,64,64
92,27,57,57
92,28,39,39
92,29,32,32
92,30,73,73
92,31,71,71
92,32,61,61
92,33,54,54
92,34,50,50
92,35,41,41
92,36,39,39
92,37,37,37
92,38,36,36
92,39,32,32
92,40,29,29
92,41,26,26
92,42,58,58
92,43,72,72
92,44,59,59
92,45,54,54
92,46,52,52
92,47,49,49
92,48,47,47
92,49,47,47
92,50,43,43
92,51,40,40
92,52,32,32
92,53,21,21
92,54,35,35
92,55,46,46
92,56,49,49
92,57,42,42
92,58,39,39
92,59,36,36
92,60,35,35
93,1,216,216
93,2,116,116
93,3,94,94
93,4,78,78
93,5,59,59
93,6,105,105
93,7,121,121
93,8,97,97
93,9,85,85
93,10,76,76
93,11,69,69
93,12,62,62
93,13,58,58
93,14,54,54
93,15,45,45
93,16,40,40
93,17,27,27
93,18,59,59
93,19,66,66
93,20,64,64
93,21,58,58
93,22,54,54
93,23,48,48
93,24,45,45
93,25,44,44
93,26,43,43
93,27,40,40
93,28,30,30
93,29,23,23
93,30,46,46
93,31,57,57
93,32,49,49
93,33,44,44
93,34,38,38
93,35,35,35
93,36,35,35
93,37,32,32
93,38,31,31
93,39,23,23
93,40,17,17
93,41,13,13
93,42,19,19
93,43,26,26
93,44,23,23
93,45,22,22
93,46,20,20
93,47,19,19
93,48,17,17
93,49,16,16
93,50,16,16
93,51,14,14
93,52,11,11
93,53,10,10
93,54,20,20
93,55,22,22
93,56,21,21
93,57,15,15
93,58,14,14
93,59,11,11
93,60,10,10
94,1,224,224
94,2,124,124
94,3,109,109
94,4,90,90
94,5,63,63
94,6,138,138
94,7,154,154
94,8,131,131
94,9,107,107
94,10,99,99
94,11,92,92
94,12,88,88
94,13,84,84
94,14,81,81
94,15,66,66
94,16,51,51
94,17,42,42
94,18,71,71
94,19,88,88
94,20,97,97
94,21,75,75
94,22,68,68
94,23,64,64
94,24,62,62
94,25,61,61
94,26,58,58
94,27,51,51
94,28,42,42
94,29,35,35
94,30,75,75
94,31,86,86
94,32,76,76
94,33,66,66
94,34,56,56
94,35,51,51
94,36,50,50
94,37,47,47
94,38,42,42
94,39,36,36
94,40,32,32
94,41,28,28
94,42,59,59
94,43,64,64
94,44,61,61
94,45,57,57
94,46,49,49
94,47,45,45
94,48,42,42
94,49,40,40
94,50,36,36
94,51,32,32
94,52,29,29
94,53,19,19
94,54,33,33
94,55,40,40
94,56,36,36
94,57,33,33
94,58,28,28
94,59,25,25
94,60,24,24
95,1,216,216
95,2,120,120
95,3,103,103
95,4,85,85
95,5,62,62
95,6,127,127
95,7,141,141
95,8,113,113
95,9,97,97
95,10,79,79
95,11,73,73
95,12,70,70
95,13,68,68
95,14,63,63
95,15,54,54
95,16,47,47
95,17,33,33
95,18,74,74
95,19,93,93
95,20,87,87
95,21,78,78
95,22,66,66
95,23,62,62
95,24,61,61
95,25,57,57
95,26,54,54
95,27,49,49
95,28,40,40
95,29,31,31
95,30,62,62
95,31,71,71
95,32,69,69
95,33,61,61
95,34,53,53
95,35,49,49
95,36,48,48
95,37,48,48
95,38,46,46
95,39,42,42
95,40,33,33
95,41,23,23
95,42,43,43
95,43,51,51
95,44,36,36
95,45,33,33
95,46,28,28
95,47,26,26
95,48,24,24
95,49,24,24
95,50,21,21
95,51,18,18
95,52,13,13
95,53,10,10
95,54,20,20
95,55,25,25
95,56,27,27
95,57,22,22
95,58,20,20
95,59,20,20
95,60,19,19
96,1,223,223
96,2,113,113
96,3,102,102
96,4,78,78
96,5,47,47
96,6,83,83
96,7,102,102
96,8,95,95
96,9,86,86
96,10,74,74
96,11,69,69
96,12,62,62
96,13,61,61
96,14,58,58
96,15,51,51
96,16,39,39
96,17,31,31
96,18,62,62
96,19,78,78
96,20,74,74
96,21,66,66
96,22,57,57
96,23,51,51
96,24,50,50
96,25,49,49
96,26,47,47
96,27,44,44
96,28,36,36
96,29,29,29
96,30,57,57
96,31,66,66
96,32,56,56
96,33,44,44
96,34,38,38
96,35,36,36
96,36,33,33
96,37,32,32
96,38,31,31
96,39,27,27
96,40,18,18
96,41,15,15
96,42,36,36
96,43,48,48
96,44,46,46
96,45,42,42
96,46,41,41
96,47,36,36
96,48,33,33
96,49,33,33
96,50,31,31
96,51,28,28
96,52,25,25
96,53,19,19
96,54,32,32
96,55,39,39
96,56,35,35
96,57,29,29
96,58,27,27
96,59,25,25
96,60,24,24
97,1,217,217
97,2,120,120
97,3,104,104
97,4,80,80
97,5,58,58
97,6,112,112
97,7,130,130
97,8,126,126
97,9,116,116
97,10,100,100
97,11,93,93
97,12,86,86
97,13,83,83
97,14,80,80
97,15,70,70
97,16,57,57
97,17,43,43
97,18,95,95
97,19,115,115
97,20,96,96
97,21,88,88
97,22,85,85
97,23,77,77
97,24,73,73
97,25,71,71
97,26,68,68
97,27,61,61
97,28,45,45
97,29,37,37
97,30,90,90
97,31,109,109
97,32,102,102
97,33,90,90
97,34,77,77
97,35,71,71
97,36,67,67
97,37,64,64
97,38,57,57
97,39,49,49
97,40,36,36
97,41,23,23
97,42,38,38
97,43,48,48
97,44,56,56
97,45,52,52
97,46,42,42
97,47,39,39
97,48,36,36
97,49,36,36
97,50,34,34
97,51,29,29
97,52,20,20
97,53,18,18
97,54,37,37
97,55,42,42
97,56,41,41
97,57,34,34
97,58,28,28
97,59,25,25
97,60,25,25
98,1,226,226
98,2,128,128
98,3,114,114
98,4,97,97
98,5,71,71
98,6,136,136
98,7,156,156
98,8,143,143
98,9,126,126
98,10,110,110
98,11,105,105
98,12,98,98
98,13,93,93
98,14,88,88
98,15,73,73
98,16,57,57
98,17,43,43
98,18,88,88
98,19,106,106
98,20,96,96
98,21,82,82
98,22,72,72
98,23,68,68
98,24,62,62
98,25,61,61
98,26,58,58
98,27,52,52
98,28,45,45
98,29,33,33
98,30,76,76
98,31,87,87
98,32,84,84
98,33,70,70
98,34,65,65
98,35,61,61
98,36,56,56
98,37,55,55
98,38,53,53
98,39,50,50
98,40,39,39
98,41,30,30
98,42,61,61
98,43,67,67
98,44,57,57
98,45,54,54
98,46,49,49
98,47,48,48
98,48,46,46
98,49,45,45
98,50,42,42
98,51,40,40
98,52,38,38
98,53,29,29
98,54,68,68
98,55,92,92
98,56,85,85
98,57,72,72
98,58,64,64
98,59,60,60
98,60,60,60
99,1,224,224
99,2,126,126
99,3,106,106
99,4,83,83
99,5,55,55
99,6,114,114
99,7,125,125
99,8,114,114
99,9,99,99
99,10,85,85
99,11,80,80
99,12,75,75
99,13,71,71
99,14,69,69
99,15,66,66
99,16,54,54
99,17,38,38
99,18,68,68
99,19,83,83
99,20,80,80
99,21,72,72
99,22,65,65
99,23,57,57
99,24,55,55
99,25,55,55
99,26,55,55
99,27,49,49
99,28,39,39
99,29,28,28
99,30,56,56
99,31,71,71
99,32,69,69
99,33,58,58
99,34,51,51
99,35,51,51
99,36,50,50
99,37,48,48
99,38,45,45
99,39,41,41
99,40,30,30
99,41,21,21
99,42,36,36
99,43,44,44
99,44,49,49
99,45,38,38
99,46,29,29
99,47,27,27
99,48,25,25
99,49,25,25
99,50,24,24
99,51,21,21
99,52,20,20
99,53,18,18
99,54,30,30
99,55,35,35
99,56,34,34
99,57,31,31
99,58,29,29
99,59,25,25
99,60,21,21
100,1,223,223
100,2,125,125
100,3,105,105
100,4,86,86
100,5,68,68
100,6,127,127
100,7,154,154
100,8,148,148
100,9,134,134
100,10,121,121
100,11,111,111
100,12,107,107
100,13,104,104
100,14,98,98
100,15,83,83
100,16,67,67
100,17,52,52
100,18,110,110
100,19,124,124
100,20,128,128
100,21,119,119
100,22,105,105
100,23,97,97
100,24,95,95
100,25,92,92
100,26,87,87
100,27,80,80
100,28,66,66
100,29,56,56
100,30,122,122
100,31,149,149
100,32,137,137
100,33,120,120
100,34,104,104
100,35,98,98
100,36,94,94
100,37,93,93
100,38,88,88
100,39,82,82
100,40,70,70
100,41,59,59
100,42,119,119
100,43,140,140
100,44,146,146
100,45,126,126
100,46,113,113
100,47,108,108
100,48,103,103
100,49,99,99
100,50,93,93
100,51,86,86
100,52,67,67
100,53,55,55
100,54,108,108
100,55,123,123
100,56,129,129
100,57,117,117
100,58,103,103
100,59,97,97
100,60,92,92
