"rep","Time","Pop_size"
1,1,217
1,2,195
1,3,165
1,4,133
1,5,102
1,6,209
1,7,254
1,8,209
1,9,185
1,10,166
1,11,159
1,12,154
1,13,149
1,14,137
1,15,125
1,16,100
1,17,80
1,18,144
1,19,175
1,20,152
1,21,134
1,22,116
1,23,107
1,24,105
1,25,103
1,26,99
1,27,92
1,28,73
1,29,61
1,30,129
1,31,148
1,32,115
1,33,104
1,34,90
1,35,82
1,36,80
1,37,79
1,38,76
1,39,65
1,40,48
1,41,37
1,42,70
1,43,77
1,44,61
1,45,53
1,46,52
1,47,49
1,48,46
1,49,45
1,50,45
1,51,42
1,52,34
1,53,26
1,54,55
1,55,66
1,56,51
1,57,44
1,58,40
1,59,40
1,60,38
2,1,214
2,2,191
2,3,164
2,4,126
2,5,98
2,6,195
2,7,253
2,8,207
2,9,180
2,10,167
2,11,156
2,12,149
2,13,144
2,14,133
2,15,119
2,16,95
2,17,77
2,18,164
2,19,198
2,20,171
2,21,152
2,22,134
2,23,126
2,24,124
2,25,119
2,26,114
2,27,108
2,28,87
2,29,72
2,30,145
2,31,159
2,32,116
2,33,95
2,34,81
2,35,77
2,36,73
2,37,72
2,38,68
2,39,63
2,40,53
2,41,42
2,42,96
2,43,103
2,44,86
2,45,77
2,46,69
2,47,64
2,48,62
2,49,59
2,50,54
2,51,53
2,52,45
2,53,38
2,54,69
2,55,102
2,56,80
2,57,65
2,58,59
2,59,55
2,60,54
3,1,219
3,2,200
3,3,169
3,4,134
3,5,102
3,6,188
3,7,232
3,8,200
3,9,163
3,10,147
3,11,136
3,12,130
3,13,126
3,14,116
3,15,102
3,16,91
3,17,74
3,18,149
3,19,198
3,20,162
3,21,138
3,22,123
3,23,117
3,24,112
3,25,111
3,26,108
3,27,104
3,28,83
3,29,66
3,30,134
3,31,150
3,32,130
3,33,113
3,34,96
3,35,90
3,36,82
3,37,80
3,38,78
3,39,70
3,40,53
3,41,44
3,42,90
3,43,101
3,44,78
3,45,64
3,46,56
3,47,53
3,48,49
3,49,48
3,50,44
3,51,36
3,52,30
3,53,21
3,54,46
3,55,54
3,56,47
3,57,39
3,58,38
3,59,36
3,60,34
4,1,211
4,2,190
4,3,158
4,4,113
4,5,83
4,6,160
4,7,186
4,8,159
4,9,137
4,10,116
4,11,108
4,12,102
4,13,97
4,14,87
4,15,80
4,16,67
4,17,51
4,18,99
4,19,146
4,20,118
4,21,101
4,22,93
4,23,91
4,24,90
4,25,90
4,26,87
4,27,78
4,28,68
4,29,56
4,30,110
4,31,131
4,32,114
4,33,96
4,34,88
4,35,85
4,36,77
4,37,72
4,38,65
4,39,59
4,40,48
4,41,38
4,42,75
4,43,95
4,44,76
4,45,63
4,46,57
4,47,56
4,48,54
4,49,51
4,50,46
4,51,41
4,52,34
4,53,29
4,54,60
4,55,86
4,56,70
4,57,60
4,58,55
4,59,49
4,60,48
5,1,221
5,2,194
5,3,164
5,4,133
5,5,108
5,6,205
5,7,251
5,8,208
5,9,177
5,10,145
5,11,131
5,12,121
5,13,117
5,14,107
5,15,100
5,16,78
5,17,68
5,18,135
5,19,168
5,20,145
5,21,136
5,22,120
5,23,113
5,24,109
5,25,107
5,26,101
5,27,92
5,28,77
5,29,64
5,30,119
5,31,147
5,32,119
5,33,103
5,34,92
5,35,86
5,36,81
5,37,79
5,38,76
5,39,72
5,40,61
5,41,52
5,42,101
5,43,107
5,44,84
5,45,75
5,46,69
5,47,64
5,48,63
5,49,59
5,50,57
5,51,51
5,52,38
5,53,35
5,54,55
5,55,71
5,56,60
5,57,54
5,58,48
5,59,45
5,60,45
6,1,223
6,2,210
6,3,187
6,4,144
6,5,108
6,6,219
6,7,267
6,8,227
6,9,193
6,10,179
6,11,172
6,12,167
6,13,163
6,14,149
6,15,136
6,16,115
6,17,89
6,18,179
6,19,195
6,20,155
6,21,135
6,22,122
6,23,115
6,24,109
6,25,105
6,26,96
6,27,88
6,28,76
6,29,60
6,30,123
6,31,146
6,32,112
6,33,104
6,34,93
6,35,85
6,36,83
6,37,81
6,38,78
6,39,72
6,40,62
6,41,51
6,42,107
6,43,140
6,44,102
6,45,89
6,46,76
6,47,71
6,48,68
6,49,65
6,50,61
6,51,52
6,52,41
6,53,33
6,54,65
6,55,87
6,56,63
6,57,58
6,58,50
6,59,48
6,60,47
7,1,225
7,2,205
7,3,173
7,4,130
7,5,101
7,6,200
7,7,241
7,8,196
7,9,167
7,10,139
7,11,129
7,12,121
7,13,117
7,14,111
7,15,96
7,16,80
7,17,60
7,18,106
7,19,141
7,20,120
7,21,106
7,22,96
7,23,93
7,24,82
7,25,79
7,26,74
7,27,69
7,28,60
7,29,48
7,30,83
7,31,95
7,32,76
7,33,60
7,34,49
7,35,46
7,36,45
7,37,43
7,38,40
7,39,39
7,40,32
7,41,23
7,42,51
7,43,64
7,44,54
7,45,48
7,46,43
7,47,38
7,48,36
7,49,36
7,50,31
7,51,30
7,52,18
7,53,16
7,54,28
7,55,36
7,56,31
7,57,24
7,58,22
7,59,21
7,60,20
8,1,218
8,2,205
8,3,176
8,4,132
8,5,113
8,6,214
8,7,254
8,8,211
8,9,178
8,10,155
8,11,140
8,12,127
8,13,121
8,14,112
8,15,95
8,16,78
8,17,63
8,18,129
8,19,161
8,20,131
8,21,113
8,22,101
8,23,93
8,24,88
8,25,85
8,26,82
8,27,74
8,28,59
8,29,54
8,30,108
8,31,142
8,32,123
8,33,111
8,34,101
8,35,98
8,36,97
8,37,94
8,38,86
8,39,75
8,40,56
8,41,38
8,42,80
8,43,98
8,44,82
8,45,66
8,46,53
8,47,51
8,48,49
8,49,48
8,50,43
8,51,40
8,52,31
8,53,21
8,54,49
8,55,63
8,56,55
8,57,46
8,58,43
8,59,43
8,60,42
9,1,216
9,2,200
9,3,180
9,4,136
9,5,109
9,6,204
9,7,257
9,8,215
9,9,184
9,10,161
9,11,150
9,12,135
9,13,131
9,14,124
9,15,111
9,16,92
9,17,74
9,18,135
9,19,156
9,20,136
9,21,113
9,22,95
9,23,89
9,24,87
9,25,87
9,26,81
9,27,70
9,28,57
9,29,45
9,30,97
9,31,111
9,32,92
9,33,80
9,34,74
9,35,69
9,36,67
9,37,67
9,38,65
9,39,59
9,40,47
9,41,35
9,42,68
9,43,94
9,44,78
9,45,67
9,46,60
9,47,58
9,48,57
9,49,55
9,50,55
9,51,50
9,52,39
9,53,31
9,54,62
9,55,79
9,56,62
9,57,59
9,58,50
9,59,47
9,60,43
10,1,215
10,2,200
10,3,173
10,4,128
10,5,99
10,6,179
10,7,217
10,8,186
10,9,159
10,10,145
10,11,136
10,12,132
10,13,127
10,14,119
10,15,111
10,16,86
10,17,67
10,18,143
10,19,164
10,20,134
10,21,116
10,22,104
10,23,98
10,24,96
10,25,93
10,26,88
10,27,77
10,28,66
10,29,48
10,30,91
10,31,108
10,32,90
10,33,75
10,34,67
10,35,64
10,36,61
10,37,60
10,38,55
10,39,49
10,40,39
10,41,28
10,42,64
10,43,77
10,44,66
10,45,52
10,46,46
10,47,41
10,48,38
10,49,38
10,50,37
10,51,35
10,52,26
10,53,22
10,54,40
10,55,60
10,56,52
10,57,44
10,58,38
10,59,36
10,60,35
11,1,226
11,2,211
11,3,181
11,4,140
11,5,104
11,6,193
11,7,242
11,8,200
11,9,181
11,10,163
11,11,152
11,12,144
11,13,140
11,14,122
11,15,111
11,16,91
11,17,74
11,18,133
11,19,158
11,20,126
11,21,108
11,22,98
11,23,88
11,24,85
11,25,84
11,26,79
11,27,69
11,28,55
11,29,42
11,30,72
11,31,97
11,32,78
11,33,67
11,34,61
11,35,55
11,36,53
11,37,53
11,38,51
11,39,49
11,40,36
11,41,30
11,42,51
11,43,67
11,44,53
11,45,49
11,46,44
11,47,40
11,48,40
11,49,40
11,50,38
11,51,35
11,52,33
11,53,24
11,54,54
11,55,69
11,56,59
11,57,52
11,58,45
11,59,43
11,60,40
12,1,226
12,2,196
12,3,170
12,4,125
12,5,98
12,6,184
12,7,219
12,8,180
12,9,157
12,10,143
12,11,131
12,12,127
12,13,121
12,14,110
12,15,101
12,16,82
12,17,68
12,18,131
12,19,148
12,20,128
12,21,111
12,22,98
12,23,95
12,24,93
12,25,91
12,26,85
12,27,75
12,28,58
12,29,48
12,30,107
12,31,131
12,32,111
12,33,100
12,34,91
12,35,85
12,36,83
12,37,81
12,38,78
12,39,72
12,40,61
12,41,53
12,42,119
12,43,127
12,44,101
12,45,92
12,46,81
12,47,79
12,48,77
12,49,74
12,50,70
12,51,62
12,52,54
12,53,44
12,54,87
12,55,94
12,56,74
12,57,65
12,58,59
12,59,57
12,60,55
13,1,211
13,2,185
13,3,157
13,4,124
13,5,97
13,6,226
13,7,252
13,8,204
13,9,181
13,10,162
13,11,151
13,12,142
13,13,140
13,14,136
13,15,114
13,16,88
13,17,70
13,18,130
13,19,162
13,20,128
13,21,111
13,22,101
13,23,97
13,24,93
13,25,92
13,26,89
13,27,80
13,28,65
13,29,48
13,30,93
13,31,111
13,32,93
13,33,82
13,34,75
13,35,71
13,36,68
13,37,66
13,38,65
13,39,59
13,40,50
13,41,42
13,42,78
13,43,92
13,44,74
13,45,69
13,46,63
13,47,62
13,48,60
13,49,58
13,50,54
13,51,51
13,52,47
13,53,37
13,54,63
13,55,80
13,56,61
13,57,54
13,58,50
13,59,47
13,60,46
14,1,216
14,2,200
14,3,175
14,4,138
14,5,98
14,6,192
14,7,242
14,8,203
14,9,173
14,10,154
14,11,145
14,12,135
14,13,133
14,14,127
14,15,112
14,16,88
14,17,68
14,18,129
14,19,168
14,20,141
14,21,124
14,22,109
14,23,103
14,24,97
14,25,95
14,26,88
14,27,79
14,28,65
14,29,54
14,30,107
14,31,138
14,32,115
14,33,102
14,34,89
14,35,80
14,36,80
14,37,78
14,38,72
14,39,66
14,40,53
14,41,43
14,42,84
14,43,100
14,44,80
14,45,74
14,46,67
14,47,59
14,48,54
14,49,54
14,50,51
14,51,45
14,52,39
14,53,33
14,54,75
14,55,82
14,56,59
14,57,49
14,58,42
14,59,40
14,60,40
15,1,218
15,2,197
15,3,169
15,4,122
15,5,92
15,6,169
15,7,217
15,8,179
15,9,159
15,10,139
15,11,125
15,12,120
15,13,115
15,14,105
15,15,100
15,16,78
15,17,69
15,18,152
15,19,190
15,20,158
15,21,139
15,22,119
15,23,114
15,24,113
15,25,108
15,26,105
15,27,96
15,28,73
15,29,61
15,30,116
15,31,158
15,32,129
15,33,109
15,34,102
15,35,96
15,36,91
15,37,89
15,38,85
15,39,78
15,40,61
15,41,52
15,42,102
15,43,129
15,44,107
15,45,98
15,46,84
15,47,78
15,48,78
15,49,73
15,50,67
15,51,62
15,52,49
15,53,38
15,54,68
15,55,78
15,56,62
15,57,53
15,58,48
15,59,47
15,60,45
16,1,221
16,2,199
16,3,173
16,4,128
16,5,104
16,6,205
16,7,254
16,8,210
16,9,185
16,10,169
16,11,155
16,12,148
16,13,140
16,14,132
16,15,121
16,16,95
16,17,80
16,18,149
16,19,169
16,20,146
16,21,133
16,22,118
16,23,112
16,24,107
16,25,104
16,26,98
16,27,86
16,28,70
16,29,51
16,30,107
16,31,127
16,32,101
16,33,84
16,34,78
16,35,75
16,36,74
16,37,73
16,38,67
16,39,61
16,40,45
16,41,35
16,42,65
16,43,74
16,44,68
16,45,60
16,46,52
16,47,51
16,48,50
16,49,48
16,50,42
16,51,34
16,52,26
16,53,22
16,54,39
16,55,49
16,56,40
16,57,34
16,58,29
16,59,27
16,60,25
17,1,215
17,2,191
17,3,167
17,4,114
17,5,88
17,6,165
17,7,193
17,8,148
17,9,120
17,10,111
17,11,97
17,12,93
17,13,91
17,14,86
17,15,74
17,16,53
17,17,41
17,18,73
17,19,89
17,20,66
17,21,58
17,22,50
17,23,50
17,24,46
17,25,44
17,26,43
17,27,37
17,28,33
17,29,27
17,30,60
17,31,61
17,32,53
17,33,46
17,34,42
17,35,39
17,36,38
17,37,37
17,38,35
17,39,30
17,40,21
17,41,17
17,42,29
17,43,40
17,44,36
17,45,27
17,46,25
17,47,25
17,48,24
17,49,24
17,50,21
17,51,18
17,52,15
17,53,14
17,54,33
17,55,33
17,56,27
17,57,25
17,58,23
17,59,19
17,60,18
18,1,225
18,2,196
18,3,168
18,4,125
18,5,97
18,6,216
18,7,261
18,8,222
18,9,198
18,10,181
18,11,167
18,12,155
18,13,149
18,14,143
18,15,129
18,16,106
18,17,84
18,18,164
18,19,200
18,20,169
18,21,149
18,22,129
18,23,120
18,24,115
18,25,109
18,26,101
18,27,91
18,28,70
18,29,60
18,30,117
18,31,137
18,32,115
18,33,102
18,34,94
18,35,83
18,36,81
18,37,78
18,38,73
18,39,61
18,40,50
18,41,40
18,42,80
18,43,82
18,44,70
18,45,60
18,46,54
18,47,51
18,48,48
18,49,48
18,50,44
18,51,40
18,52,33
18,53,29
18,54,49
18,55,53
18,56,45
18,57,38
18,58,34
18,59,31
18,60,31
19,1,218
19,2,197
19,3,166
19,4,129
19,5,96
19,6,190
19,7,234
19,8,202
19,9,172
19,10,143
19,11,137
19,12,130
19,13,124
19,14,120
19,15,101
19,16,75
19,17,63
19,18,122
19,19,144
19,20,121
19,21,107
19,22,95
19,23,86
19,24,82
19,25,79
19,26,74
19,27,66
19,28,53
19,29,40
19,30,72
19,31,85
19,32,64
19,33,56
19,34,50
19,35,47
19,36,44
19,37,43
19,38,41
19,39,36
19,40,28
19,41,23
19,42,46
19,43,56
19,44,46
19,45,42
19,46,36
19,47,36
19,48,35
19,49,34
19,50,33
19,51,28
19,52,24
19,53,20
19,54,40
19,55,58
19,56,50
19,57,41
19,58,38
19,59,37
19,60,36
20,1,215
20,2,200
20,3,167
20,4,135
20,5,100
20,6,190
20,7,240
20,8,201
20,9,173
20,10,150
20,11,138
20,12,136
20,13,130
20,14,123
20,15,116
20,16,96
20,17,81
20,18,165
20,19,198
20,20,156
20,21,134
20,22,116
20,23,106
20,24,103
20,25,101
20,26,97
20,27,90
20,28,77
20,29,63
20,30,141
20,31,168
20,32,135
20,33,116
20,34,102
20,35,97
20,36,93
20,37,92
20,38,89
20,39,76
20,40,62
20,41,50
20,42,108
20,43,112
20,44,97
20,45,87
20,46,80
20,47,76
20,48,73
20,49,72
20,50,69
20,51,63
20,52,47
20,53,35
20,54,76
20,55,96
20,56,77
20,57,67
20,58,63
20,59,58
20,60,56
21,1,227
21,2,207
21,3,181
21,4,132
21,5,104
21,6,169
21,7,218
21,8,185
21,9,160
21,10,141
21,11,131
21,12,122
21,13,120
21,14,114
21,15,98
21,16,77
21,17,58
21,18,123
21,19,133
21,20,107
21,21,95
21,22,81
21,23,76
21,24,70
21,25,70
21,26,67
21,27,58
21,28,50
21,29,41
21,30,90
21,31,91
21,32,80
21,33,75
21,34,69
21,35,68
21,36,66
21,37,61
21,38,58
21,39,51
21,40,46
21,41,39
21,42,75
21,43,92
21,44,71
21,45,57
21,46,50
21,47,46
21,48,43
21,49,43
21,50,39
21,51,35
21,52,27
21,53,21
21,54,36
21,55,48
21,56,39
21,57,34
21,58,33
21,59,32
21,60,29
22,1,221
22,2,200
22,3,172
22,4,122
22,5,91
22,6,181
22,7,214
22,8,179
22,9,159
22,10,140
22,11,129
22,12,120
22,13,116
22,14,107
22,15,98
22,16,81
22,17,64
22,18,133
22,19,164
22,20,134
22,21,114
22,22,99
22,23,91
22,24,84
22,25,83
22,26,82
22,27,73
22,28,58
22,29,45
22,30,82
22,31,104
22,32,87
22,33,75
22,34,68
22,35,65
22,36,65
22,37,65
22,38,62
22,39,59
22,40,47
22,41,40
22,42,94
22,43,114
22,44,97
22,45,87
22,46,78
22,47,75
22,48,70
22,49,66
22,50,60
22,51,55
22,52,47
22,53,37
22,54,63
22,55,84
22,56,71
22,57,62
22,58,55
22,59,54
22,60,52
23,1,228
23,2,201
23,3,182
23,4,132
23,5,104
23,6,208
23,7,247
23,8,219
23,9,184
23,10,159
23,11,145
23,12,133
23,13,128
23,14,122
23,15,110
23,16,94
23,17,75
23,18,141
23,19,168
23,20,146
23,21,124
23,22,113
23,23,107
23,24,102
23,25,102
23,26,98
23,27,86
23,28,71
23,29,57
23,30,107
23,31,131
23,32,108
23,33,96
23,34,90
23,35,83
23,36,77
23,37,74
23,38,72
23,39,66
23,40,59
23,41,41
23,42,79
23,43,91
23,44,75
23,45,68
23,46,63
23,47,57
23,48,56
23,49,55
23,50,51
23,51,46
23,52,36
23,53,29
23,54,63
23,55,82
23,56,72
23,57,67
23,58,58
23,59,51
23,60,47
24,1,225
24,2,204
24,3,173
24,4,136
24,5,105
24,6,191
24,7,217
24,8,188
24,9,160
24,10,135
24,11,123
24,12,116
24,13,112
24,14,102
24,15,88
24,16,70
24,17,50
24,18,91
24,19,105
24,20,81
24,21,70
24,22,60
24,23,58
24,24,57
24,25,57
24,26,54
24,27,53
24,28,40
24,29,31
24,30,61
24,31,63
24,32,57
24,33,51
24,34,40
24,35,37
24,36,37
24,37,37
24,38,34
24,39,31
24,40,26
24,41,22
24,42,46
24,43,51
24,44,42
24,45,35
24,46,30
24,47,28
24,48,27
24,49,27
24,50,27
24,51,27
24,52,23
24,53,21
24,54,37
24,55,42
24,56,35
24,57,33
24,58,29
24,59,28
24,60,27
25,1,223
25,2,196
25,3,161
25,4,125
25,5,100
25,6,203
25,7,237
25,8,194
25,9,174
25,10,155
25,11,144
25,12,139
25,13,133
25,14,124
25,15,108
25,16,86
25,17,68
25,18,108
25,19,159
25,20,133
25,21,118
25,22,105
25,23,92
25,24,88
25,25,85
25,26,80
25,27,72
25,28,60
25,29,50
25,30,104
25,31,122
25,32,98
25,33,81
25,34,74
25,35,68
25,36,66
25,37,65
25,38,61
25,39,57
25,40,45
25,41,31
25,42,68
25,43,80
25,44,61
25,45,57
25,46,52
25,47,49
25,48,47
25,49,47
25,50,43
25,51,40
25,52,30
25,53,24
25,54,40
25,55,55
25,56,44
25,57,40
25,58,36
25,59,32
25,60,30
26,1,216
26,2,200
26,3,163
26,4,135
26,5,95
26,6,190
26,7,213
26,8,171
26,9,153
26,10,138
26,11,134
26,12,130
26,13,127
26,14,115
26,15,101
26,16,86
26,17,74
26,18,141
26,19,191
26,20,164
26,21,146
26,22,130
26,23,123
26,24,116
26,25,112
26,26,109
26,27,95
26,28,74
26,29,58
26,30,119
26,31,129
26,32,109
26,33,92
26,34,84
26,35,77
26,36,72
26,37,70
26,38,65
26,39,60
26,40,47
26,41,40
26,42,89
26,43,106
26,44,84
26,45,73
26,46,62
26,47,59
26,48,55
26,49,52
26,50,46
26,51,44
26,52,38
26,53,37
26,54,62
26,55,85
26,56,73
26,57,60
26,58,57
26,59,56
26,60,54
27,1,217
27,2,202
27,3,170
27,4,130
27,5,105
27,6,219
27,7,251
27,8,228
27,9,194
27,10,177
27,11,167
27,12,160
27,13,156
27,14,150
27,15,134
27,16,111
27,17,91
27,18,181
27,19,212
27,20,176
27,21,158
27,22,142
27,23,136
27,24,127
27,25,123
27,26,113
27,27,98
27,28,75
27,29,61
27,30,111
27,31,138
27,32,110
27,33,97
27,34,90
27,35,87
27,36,82
27,37,82
27,38,77
27,39,67
27,40,50
27,41,41
27,42,79
27,43,92
27,44,77
27,45,69
27,46,59
27,47,56
27,48,55
27,49,54
27,50,51
27,51,46
27,52,42
27,53,34
27,54,70
27,55,83
27,56,66
27,57,56
27,58,50
27,59,46
27,60,43
28,1,227
28,2,206
28,3,167
28,4,136
28,5,102
28,6,212
28,7,269
28,8,221
28,9,187
28,10,157
28,11,146
28,12,137
28,13,136
28,14,131
28,15,115
28,16,93
28,17,75
28,18,170
28,19,195
28,20,163
28,21,148
28,22,131
28,23,116
28,24,110
28,25,108
28,26,106
28,27,91
28,28,82
28,29,60
28,30,119
28,31,154
28,32,123
28,33,110
28,34,96
28,35,92
28,36,89
28,37,85
28,38,79
28,39,72
28,40,57
28,41,49
28,42,101
28,43,121
28,44,91
28,45,81
28,46,72
28,47,70
28,48,65
28,49,62
28,50,58
28,51,54
28,52,41
28,53,35
28,54,65
28,55,78
28,56,63
28,57,54
28,58,51
28,59,48
28,60,47
29,1,226
29,2,207
29,3,188
29,4,143
29,5,113
29,6,218
29,7,262
29,8,217
29,9,182
29,10,161
29,11,145
29,12,136
29,13,130
29,14,122
29,15,107
29,16,91
29,17,78
29,18,162
29,19,175
29,20,140
29,21,128
29,22,108
29,23,102
29,24,98
29,25,96
29,26,93
29,27,84
29,28,66
29,29,53
29,30,105
29,31,118
29,32,90
29,33,79
29,34,68
29,35,62
29,36,56
29,37,54
29,38,51
29,39,46
29,40,34
29,41,26
29,42,55
29,43,69
29,44,63
29,45,52
29,46,46
29,47,43
29,48,43
29,49,43
29,50,43
29,51,40
29,52,35
29,53,25
29,54,47
29,55,71
29,56,60
29,57,50
29,58,41
29,59,41
29,60,40
30,1,223
30,2,204
30,3,185
30,4,139
30,5,103
30,6,211
30,7,260
30,8,218
30,9,188
30,10,169
30,11,156
30,12,143
30,13,137
30,14,132
30,15,118
30,16,86
30,17,70
30,18,137
30,19,174
30,20,143
30,21,126
30,22,113
30,23,105
30,24,101
30,25,99
30,26,95
30,27,85
30,28,71
30,29,59
30,30,121
30,31,158
30,32,123
30,33,102
30,34,88
30,35,82
30,36,80
30,37,77
30,38,75
30,39,69
30,40,52
30,41,39
30,42,75
30,43,80
30,44,60
30,45,57
30,46,53
30,47,50
30,48,50
30,49,49
30,50,47
30,51,47
30,52,41
30,53,32
30,54,62
30,55,82
30,56,71
30,57,66
30,58,57
30,59,56
30,60,53
31,1,221
31,2,196
31,3,169
31,4,123
31,5,99
31,6,206
31,7,246
31,8,206
31,9,181
31,10,159
31,11,148
31,12,134
31,13,127
31,14,121
31,15,109
31,16,93
31,17,74
31,18,150
31,19,178
31,20,149
31,21,127
31,22,111
31,23,108
31,24,100
31,25,98
31,26,95
31,27,83
31,28,68
31,29,60
31,30,138
31,31,169
31,32,144
31,33,124
31,34,112
31,35,103
31,36,100
31,37,100
31,38,94
31,39,88
31,40,72
31,41,58
31,42,119
31,43,143
31,44,124
31,45,114
31,46,102
31,47,98
31,48,91
31,49,86
31,50,82
31,51,73
31,52,56
31,53,42
31,54,77
31,55,103
31,56,87
31,57,77
31,58,74
31,59,71
31,60,66
32,1,212
32,2,197
32,3,170
32,4,138
32,5,105
32,6,208
32,7,236
32,8,191
32,9,164
32,10,142
32,11,137
32,12,127
32,13,122
32,14,116
32,15,104
32,16,87
32,17,68
32,18,144
32,19,168
32,20,136
32,21,115
32,22,101
32,23,94
32,24,91
32,25,91
32,26,88
32,27,81
32,28,63
32,29,49
32,30,112
32,31,135
32,32,115
32,33,106
32,34,93
32,35,92
32,36,84
32,37,84
32,38,77
32,39,73
32,40,60
32,41,46
32,42,95
32,43,111
32,44,93
32,45,85
32,46,75
32,47,73
32,48,68
32,49,68
32,50,67
32,51,62
32,52,48
32,53,38
32,54,78
32,55,83
32,56,71
32,57,61
32,58,54
32,59,51
32,60,47
33,1,222
33,2,197
33,3,172
33,4,132
33,5,100
33,6,191
33,7,244
33,8,196
33,9,175
33,10,160
33,11,150
33,12,142
33,13,136
33,14,122
33,15,105
33,16,90
33,17,72
33,18,143
33,19,180
33,20,161
33,21,140
33,22,124
33,23,116
33,24,106
33,25,104
33,26,100
33,27,94
33,28,79
33,29,65
33,30,138
33,31,164
33,32,136
33,33,117
33,34,102
33,35,94
33,36,89
33,37,89
33,38,86
33,39,78
33,40,65
33,41,58
33,42,118
33,43,165
33,44,141
33,45,125
33,46,115
33,47,110
33,48,104
33,49,104
33,50,100
33,51,87
33,52,70
33,53,52
33,54,91
33,55,115
33,56,91
33,57,76
33,58,65
33,59,58
33,60,54
34,1,216
34,2,198
34,3,173
34,4,131
34,5,96
34,6,194
34,7,231
34,8,198
34,9,168
34,10,149
34,11,140
34,12,128
34,13,121
34,14,109
34,15,93
34,16,68
34,17,50
34,18,108
34,19,125
34,20,102
34,21,82
34,22,76
34,23,73
34,24,70
34,25,68
34,26,65
34,27,58
34,28,46
34,29,41
34,30,82
34,31,98
34,32,89
34,33,81
34,34,75
34,35,70
34,36,67
34,37,66
34,38,59
34,39,55
34,40,43
34,41,36
34,42,76
34,43,91
34,44,74
34,45,68
34,46,65
34,47,58
34,48,55
34,49,55
34,50,51
34,51,46
34,52,40
34,53,28
34,54,50
34,55,57
34,56,52
34,57,48
34,58,43
34,59,41
34,60,37
35,1,217
35,2,191
35,3,168
35,4,125
35,5,86
35,6,185
35,7,225
35,8,196
35,9,175
35,10,157
35,11,147
35,12,141
35,13,135
35,14,126
35,15,120
35,16,97
35,17,80
35,18,146
35,19,175
35,20,143
35,21,119
35,22,100
35,23,96
35,24,93
35,25,93
35,26,87
35,27,77
35,28,64
35,29,52
35,30,103
35,31,118
35,32,102
35,33,97
35,34,84
35,35,80
35,36,75
35,37,75
35,38,72
35,39,63
35,40,46
35,41,43
35,42,90
35,43,102
35,44,84
35,45,74
35,46,69
35,47,63
35,48,62
35,49,60
35,50,55
35,51,50
35,52,41
35,53,35
35,54,67
35,55,86
35,56,75
35,57,68
35,58,63
35,59,55
35,60,52
36,1,220
36,2,201
36,3,159
36,4,119
36,5,89
36,6,179
36,7,216
36,8,181
36,9,153
36,10,136
36,11,127
36,12,122
36,13,116
36,14,106
36,15,91
36,16,66
36,17,45
36,18,88
36,19,111
36,20,96
36,21,82
36,22,71
36,23,66
36,24,64
36,25,62
36,26,58
36,27,51
36,28,47
36,29,36
36,30,74
36,31,92
36,32,75
36,33,71
36,34,67
36,35,66
36,36,61
36,37,59
36,38,56
36,39,51
36,40,40
36,41,35
36,42,73
36,43,80
36,44,68
36,45,61
36,46,57
36,47,55
36,48,52
36,49,51
36,50,48
36,51,43
36,52,30
36,53,21
36,54,38
36,55,57
36,56,48
36,57,47
36,58,41
36,59,41
36,60,40
37,1,223
37,2,197
37,3,174
37,4,135
37,5,105
37,6,201
37,7,254
37,8,219
37,9,188
37,10,160
37,11,145
37,12,138
37,13,134
37,14,126
37,15,119
37,16,87
37,17,73
37,18,143
37,19,188
37,20,156
37,21,134
37,22,118
37,23,108
37,24,106
37,25,103
37,26,101
37,27,87
37,28,73
37,29,62
37,30,125
37,31,141
37,32,109
37,33,98
37,34,91
37,35,87
37,36,82
37,37,77
37,38,73
37,39,63
37,40,49
37,41,41
37,42,79
37,43,85
37,44,70
37,45,64
37,46,58
37,47,53
37,48,51
37,49,50
37,50,48
37,51,46
37,52,38
37,53,29
37,54,49
37,55,74
37,56,55
37,57,43
37,58,39
37,59,39
37,60,34
38,1,219
38,2,200
38,3,165
38,4,124
38,5,92
38,6,174
38,7,208
38,8,174
38,9,148
38,10,131
38,11,122
38,12,115
38,13,110
38,14,105
38,15,92
38,16,72
38,17,59
38,18,136
38,19,163
38,20,140
38,21,126
38,22,113
38,23,105
38,24,98
38,25,95
38,26,90
38,27,77
38,28,61
38,29,48
38,30,109
38,31,130
38,32,105
38,33,86
38,34,78
38,35,74
38,36,72
38,37,71
38,38,69
38,39,64
38,40,53
38,41,46
38,42,89
38,43,111
38,44,96
38,45,85
38,46,72
38,47,67
38,48,67
38,49,63
38,50,59
38,51,54
38,52,43
38,53,35
38,54,75
38,55,84
38,56,76
38,57,70
38,58,63
38,59,60
38,60,57
39,1,218
39,2,200
39,3,159
39,4,116
39,5,92
39,6,162
39,7,190
39,8,154
39,9,134
39,10,117
39,11,110
39,12,104
39,13,102
39,14,93
39,15,86
39,16,67
39,17,54
39,18,102
39,19,124
39,20,95
39,21,85
39,22,76
39,23,73
39,24,69
39,25,69
39,26,63
39,27,54
39,28,45
39,29,32
39,30,49
39,31,57
39,32,44
39,33,43
39,34,32
39,35,30
39,36,28
39,37,27
39,38,24
39,39,20
39,40,16
39,41,14
39,42,27
39,43,32
39,44,23
39,45,21
39,46,18
39,47,18
39,48,17
39,49,17
39,50,15
39,51,14
39,52,13
39,53,9
39,54,15
39,55,11
39,56,10
39,57,8
39,58,7
39,59,7
39,60,7
40,1,216
40,2,201
40,3,166
40,4,124
40,5,99
40,6,202
40,7,239
40,8,191
40,9,169
40,10,153
40,11,142
40,12,131
40,13,129
40,14,120
40,15,108
40,16,93
40,17,73
40,18,141
40,19,188
40,20,156
40,21,141
40,22,121
40,23,109
40,24,103
40,25,99
40,26,94
40,27,79
40,28,62
40,29,48
40,30,93
40,31,113
40,32,88
40,33,80
40,34,70
40,35,67
40,36,64
40,37,63
40,38,60
40,39,55
40,40,41
40,41,37
40,42,71
40,43,98
40,44,75
40,45,64
40,46,52
40,47,50
40,48,50
40,49,48
40,50,44
40,51,40
40,52,38
40,53,26
40,54,49
40,55,70
40,56,55
40,57,48
40,58,44
40,59,40
40,60,39
41,1,209
41,2,193
41,3,166
41,4,122
41,5,89
41,6,185
41,7,236
41,8,198
41,9,173
41,10,148
41,11,135
41,12,129
41,13,126
41,14,116
41,15,103
41,16,87
41,17,71
41,18,135
41,19,146
41,20,124
41,21,108
41,22,89
41,23,86
41,24,85
41,25,83
41,26,79
41,27,67
41,28,53
41,29,43
41,30,75
41,31,102
41,32,83
41,33,73
41,34,67
41,35,62
41,36,62
41,37,61
41,38,57
41,39,53
41,40,43
41,41,36
41,42,69
41,43,82
41,44,67
41,45,56
41,46,42
41,47,40
41,48,40
41,49,39
41,50,36
41,51,35
41,52,31
41,53,23
41,54,54
41,55,61
41,56,55
41,57,50
41,58,47
41,59,42
41,60,41
42,1,227
42,2,205
42,3,167
42,4,131
42,5,100
42,6,188
42,7,219
42,8,179
42,9,160
42,10,136
42,11,126
42,12,116
42,13,109
42,14,101
42,15,93
42,16,73
42,17,58
42,18,130
42,19,153
42,20,130
42,21,116
42,22,100
42,23,94
42,24,92
42,25,89
42,26,85
42,27,81
42,28,70
42,29,56
42,30,97
42,31,129
42,32,105
42,33,99
42,34,86
42,35,77
42,36,74
42,37,70
42,38,67
42,39,57
42,40,42
42,41,33
42,42,76
42,43,86
42,44,71
42,45,61
42,46,51
42,47,48
42,48,48
42,49,48
42,50,46
42,51,39
42,52,31
42,53,28
42,54,58
42,55,72
42,56,56
42,57,46
42,58,41
42,59,39
42,60,37
43,1,210
43,2,194
43,3,167
43,4,123
43,5,99
43,6,192
43,7,220
43,8,189
43,9,158
43,10,140
43,11,129
43,12,118
43,13,107
43,14,101
43,15,88
43,16,68
43,17,56
43,18,138
43,19,172
43,20,147
43,21,123
43,22,104
43,23,97
43,24,92
43,25,90
43,26,83
43,27,77
43,28,65
43,29,48
43,30,97
43,31,126
43,32,107
43,33,92
43,34,81
43,35,74
43,36,71
43,37,71
43,38,70
43,39,64
43,40,49
43,41,39
43,42,72
43,43,67
43,44,53
43,45,47
43,46,43
43,47,38
43,48,35
43,49,35
43,50,33
43,51,32
43,52,28
43,53,22
43,54,45
43,55,42
43,56,30
43,57,24
43,58,23
43,59,22
43,60,21
44,1,227
44,2,209
44,3,175
44,4,139
44,5,110
44,6,201
44,7,255
44,8,208
44,9,174
44,10,161
44,11,153
44,12,143
44,13,139
44,14,129
44,15,115
44,16,95
44,17,70
44,18,137
44,19,169
44,20,139
44,21,122
44,22,106
44,23,100
44,24,99
44,25,97
44,26,91
44,27,77
44,28,62
44,29,51
44,30,106
44,31,144
44,32,127
44,33,112
44,34,100
44,35,95
44,36,91
44,37,87
44,38,84
44,39,74
44,40,65
44,41,58
44,42,128
44,43,142
44,44,110
44,45,96
44,46,85
44,47,82
44,48,76
44,49,75
44,50,72
44,51,66
44,52,55
44,53,46
44,54,103
44,55,123
44,56,103
44,57,87
44,58,77
44,59,72
44,60,70
45,1,206
45,2,183
45,3,151
45,4,116
45,5,89
45,6,161
45,7,193
45,8,152
45,9,135
45,10,110
45,11,101
45,12,95
45,13,87
45,14,82
45,15,68
45,16,55
45,17,38
45,18,79
45,19,90
45,20,75
45,21,71
45,22,59
45,23,53
45,24,50
45,25,48
45,26,44
45,27,38
45,28,31
45,29,28
45,30,49
45,31,57
45,32,45
45,33,37
45,34,35
45,35,34
45,36,33
45,37,32
45,38,32
45,39,29
45,40,21
45,41,20
45,42,40
45,43,55
45,44,45
45,45,39
45,46,36
45,47,36
45,48,34
45,49,34
45,50,31
45,51,26
45,52,21
45,53,18
45,54,34
45,55,44
45,56,36
45,57,31
45,58,31
45,59,28
45,60,28
46,1,219
46,2,195
46,3,173
46,4,135
46,5,107
46,6,204
46,7,250
46,8,204
46,9,174
46,10,154
46,11,143
46,12,135
46,13,132
46,14,119
46,15,108
46,16,86
46,17,74
46,18,148
46,19,179
46,20,152
46,21,130
46,22,112
46,23,108
46,24,104
46,25,100
46,26,94
46,27,84
46,28,69
46,29,49
46,30,90
46,31,116
46,32,96
46,33,85
46,34,73
46,35,70
46,36,65
46,37,63
46,38,57
46,39,54
46,40,44
46,41,34
46,42,67
46,43,80
46,44,64
46,45,56
46,46,52
46,47,50
46,48,49
46,49,46
46,50,43
46,51,40
46,52,32
46,53,27
46,54,41
46,55,53
46,56,43
46,57,37
46,58,35
46,59,35
46,60,33
47,1,209
47,2,189
47,3,165
47,4,125
47,5,89
47,6,177
47,7,207
47,8,177
47,9,156
47,10,131
47,11,121
47,12,115
47,13,108
47,14,102
47,15,95
47,16,74
47,17,58
47,18,115
47,19,144
47,20,122
47,21,103
47,22,96
47,23,91
47,24,88
47,25,85
47,26,82
47,27,74
47,28,64
47,29,55
47,30,113
47,31,139
47,32,107
47,33,92
47,34,89
47,35,82
47,36,78
47,37,74
47,38,71
47,39,67
47,40,53
47,41,43
47,42,84
47,43,102
47,44,83
47,45,68
47,46,65
47,47,63
47,48,61
47,49,61
47,50,58
47,51,51
47,52,38
47,53,30
47,54,61
47,55,77
47,56,62
47,57,54
47,58,45
47,59,43
47,60,37
48,1,221
48,2,196
48,3,165
48,4,130
48,5,98
48,6,201
48,7,242
48,8,207
48,9,180
48,10,158
48,11,146
48,12,136
48,13,129
48,14,120
48,15,110
48,16,86
48,17,72
48,18,146
48,19,194
48,20,158
48,21,134
48,22,122
48,23,117
48,24,114
48,25,109
48,26,103
48,27,89
48,28,76
48,29,65
48,30,114
48,31,120
48,32,95
48,33,81
48,34,69
48,35,66
48,36,63
48,37,62
48,38,60
48,39,52
48,40,40
48,41,35
48,42,80
48,43,95
48,44,84
48,45,72
48,46,69
48,47,67
48,48,64
48,49,62
48,50,60
48,51,55
48,52,47
48,53,36
48,54,54
48,55,70
48,56,51
48,57,47
48,58,40
48,59,36
48,60,34
49,1,212
49,2,186
49,3,162
49,4,119
49,5,92
49,6,162
49,7,201
49,8,152
49,9,135
49,10,118
49,11,109
49,12,101
49,13,98
49,14,93
49,15,84
49,16,67
49,17,60
49,18,115
49,19,136
49,20,112
49,21,103
49,22,95
49,23,90
49,24,89
49,25,89
49,26,85
49,27,78
49,28,65
49,29,51
49,30,108
49,31,125
49,32,105
49,33,90
49,34,82
49,35,77
49,36,74
49,37,73
49,38,69
49,39,64
49,40,54
49,41,42
49,42,86
49,43,113
49,44,92
49,45,80
49,46,70
49,47,63
49,48,58
49,49,57
49,50,54
49,51,46
49,52,36
49,53,29
49,54,64
49,55,62
49,56,49
49,57,38
49,58,34
49,59,31
49,60,30
50,1,217
50,2,189
50,3,164
50,4,122
50,5,93
50,6,167
50,7,216
50,8,172
50,9,148
50,10,132
50,11,118
50,12,111
50,13,106
50,14,97
50,15,90
50,16,73
50,17,59
50,18,134
50,19,172
50,20,139
50,21,117
50,22,101
50,23,92
50,24,88
50,25,86
50,26,85
50,27,73
50,28,57
50,29,49
50,30,91
50,31,113
50,32,82
50,33,72
50,34,62
50,35,61
50,36,59
50,37,56
50,38,54
50,39,49
50,40,41
50,41,29
50,42,64
50,43,68
50,44,56
50,45,47
50,46,44
50,47,44
50,48,40
50,49,39
50,50,37
50,51,36
50,52,31
50,53,31
50,54,62
50,55,80
50,56,62
50,57,52
50,58,42
50,59,41
50,60,38
51,1,218
51,2,204
51,3,162
51,4,127
51,5,101
51,6,191
51,7,230
51,8,190
51,9,168
51,10,146
51,11,141
51,12,131
51,13,129
51,14,114
51,15,104
51,16,76
51,17,58
51,18,122
51,19,139
51,20,116
51,21,101
51,22,89
51,23,83
51,24,79
51,25,76
51,26,74
51,27,66
51,28,52
51,29,38
51,30,84
51,31,94
51,32,73
51,33,61
51,34,53
51,35,49
51,36,48
51,37,46
51,38,42
51,39,37
51,40,30
51,41,26
51,42,55
51,43,75
51,44,64
51,45,58
51,46,56
51,47,52
51,48,47
51,49,46
51,50,43
51,51,41
51,52,32
51,53,27
51,54,46
51,55,60
51,56,51
51,57,46
51,58,41
51,59,41
51,60,38
52,1,212
52,2,193
52,3,163
52,4,117
52,5,95
52,6,192
52,7,232
52,8,195
52,9,169
52,10,144
52,11,140
52,12,131
52,13,130
52,14,118
52,15,101
52,16,80
52,17,65
52,18,112
52,19,150
52,20,127
52,21,114
52,22,104
52,23,99
52,24,92
52,25,90
52,26,87
52,27,81
52,28,66
52,29,49
52,30,105
52,31,130
52,32,103
52,33,92
52,34,90
52,35,82
52,36,80
52,37,78
52,38,72
52,39,65
52,40,52
52,41,42
52,42,81
52,43,90
52,44,75
52,45,65
52,46,56
52,47,55
52,48,51
52,49,49
52,50,49
52,51,42
52,52,32
52,53,25
52,54,39
52,55,52
52,56,44
52,57,38
52,58,33
52,59,29
52,60,28
53,1,218
53,2,198
53,3,170
53,4,136
53,5,103
53,6,192
53,7,224
53,8,193
53,9,171
53,10,149
53,11,138
53,12,131
53,13,128
53,14,121
53,15,109
53,16,87
53,17,74
53,18,143
53,19,185
53,20,156
53,21,143
53,22,129
53,23,119
53,24,115
53,25,113
53,26,110
53,27,97
53,28,77
53,29,54
53,30,107
53,31,121
53,32,101
53,33,88
53,34,79
53,35,72
53,36,70
53,37,69
53,38,66
53,39,57
53,40,54
53,41,44
53,42,79
53,43,101
53,44,83
53,45,72
53,46,66
53,47,65
53,48,61
53,49,58
53,50,53
53,51,48
53,52,40
53,53,33
53,54,67
53,55,84
53,56,77
53,57,70
53,58,59
53,59,58
53,60,55
54,1,222
54,2,201
54,3,175
54,4,135
54,5,99
54,6,195
54,7,218
54,8,174
54,9,150
54,10,131
54,11,120
54,12,117
54,13,111
54,14,102
54,15,95
54,16,75
54,17,64
54,18,126
54,19,152
54,20,123
54,21,104
54,22,89
54,23,81
54,24,79
54,25,78
54,26,76
54,27,64
54,28,48
54,29,39
54,30,91
54,31,105
54,32,84
54,33,77
54,34,69
54,35,66
54,36,63
54,37,59
54,38,56
54,39,47
54,40,42
54,41,26
54,42,49
54,43,75
54,44,57
54,45,48
54,46,43
54,47,41
54,48,39
54,49,39
54,50,38
54,51,34
54,52,32
54,53,25
54,54,53
54,55,58
54,56,51
54,57,47
54,58,40
54,59,36
54,60,35
55,1,221
55,2,204
55,3,177
55,4,137
55,5,101
55,6,204
55,7,245
55,8,198
55,9,175
55,10,163
55,11,156
55,12,149
55,13,144
55,14,135
55,15,118
55,16,86
55,17,66
55,18,120
55,19,138
55,20,108
55,21,92
55,22,86
55,23,79
55,24,77
55,25,76
55,26,71
55,27,63
55,28,51
55,29,39
55,30,87
55,31,119
55,32,102
55,33,88
55,34,77
55,35,74
55,36,71
55,37,69
55,38,69
55,39,59
55,40,42
55,41,35
55,42,78
55,43,95
55,44,79
55,45,71
55,46,65
55,47,63
55,48,61
55,49,59
55,50,58
55,51,52
55,52,45
55,53,34
55,54,83
55,55,87
55,56,73
55,57,64
55,58,56
55,59,54
55,60,50
56,1,211
56,2,186
56,3,162
56,4,126
56,5,98
56,6,153
56,7,211
56,8,178
56,9,153
56,10,139
56,11,131
56,12,124
56,13,120
56,14,107
56,15,94
56,16,70
56,17,57
56,18,113
56,19,147
56,20,118
56,21,104
56,22,92
56,23,84
56,24,78
56,25,78
56,26,75
56,27,68
56,28,57
56,29,42
56,30,89
56,31,89
56,32,72
56,33,60
56,34,55
56,35,52
56,36,49
56,37,49
56,38,49
56,39,45
56,40,35
56,41,27
56,42,50
56,43,61
56,44,49
56,45,42
56,46,41
56,47,38
56,48,36
56,49,36
56,50,31
56,51,28
56,52,23
56,53,17
56,54,31
56,55,52
56,56,39
56,57,33
56,58,31
56,59,31
56,60,30
57,1,207
57,2,180
57,3,153
57,4,112
57,5,85
57,6,137
57,7,196
57,8,167
57,9,144
57,10,121
57,11,116
57,12,110
57,13,103
57,14,97
57,15,86
57,16,68
57,17,50
57,18,89
57,19,128
57,20,114
57,21,100
57,22,91
57,23,84
57,24,81
57,25,79
57,26,74
57,27,70
57,28,59
57,29,49
57,30,97
57,31,135
57,32,114
57,33,92
57,34,86
57,35,82
57,36,77
57,37,76
57,38,73
57,39,63
57,40,51
57,41,42
57,42,77
57,43,91
57,44,71
57,45,64
57,46,61
57,47,57
57,48,53
57,49,51
57,50,50
57,51,47
57,52,43
57,53,34
57,54,63
57,55,69
57,56,61
57,57,51
57,58,45
57,59,41
57,60,38
58,1,218
58,2,199
58,3,165
58,4,120
58,5,85
58,6,168
58,7,210
58,8,179
58,9,153
58,10,134
58,11,118
58,12,114
58,13,107
58,14,101
58,15,93
58,16,72
58,17,60
58,18,116
58,19,136
58,20,116
58,21,105
58,22,86
58,23,79
58,24,76
58,25,75
58,26,70
58,27,66
58,28,53
58,29,40
58,30,71
58,31,91
58,32,75
58,33,64
58,34,55
58,35,53
58,36,51
58,37,51
58,38,49
58,39,40
58,40,30
58,41,27
58,42,53
58,43,69
58,44,58
58,45,54
58,46,46
58,47,42
58,48,38
58,49,35
58,50,31
58,51,30
58,52,29
58,53,23
58,54,45
58,55,67
58,56,48
58,57,40
58,58,35
58,59,33
58,60,32
59,1,216
59,2,198
59,3,178
59,4,133
59,5,105
59,6,203
59,7,252
59,8,201
59,9,175
59,10,157
59,11,142
59,12,137
59,13,129
59,14,122
59,15,104
59,16,89
59,17,74
59,18,139
59,19,180
59,20,157
59,21,137
59,22,122
59,23,115
59,24,110
59,25,108
59,26,101
59,27,91
59,28,75
59,29,60
59,30,120
59,31,153
59,32,122
59,33,101
59,34,89
59,35,83
59,36,82
59,37,81
59,38,77
59,39,71
59,40,60
59,41,46
59,42,91
59,43,112
59,44,83
59,45,70
59,46,61
59,47,56
59,48,56
59,49,56
59,50,54
59,51,52
59,52,38
59,53,31
59,54,65
59,55,72
59,56,60
59,57,56
59,58,50
59,59,46
59,60,45
60,1,220
60,2,196
60,3,163
60,4,125
60,5,90
60,6,160
60,7,174
60,8,145
60,9,128
60,10,112
60,11,103
60,12,97
60,13,93
60,14,87
60,15,78
60,16,62
60,17,48
60,18,98
60,19,107
60,20,93
60,21,83
60,22,75
60,23,67
60,24,67
60,25,65
60,26,60
60,27,55
60,28,48
60,29,39
60,30,69
60,31,95
60,32,80
60,33,64
60,34,59
60,35,55
60,36,53
60,37,53
60,38,51
60,39,46
60,40,38
60,41,31
60,42,59
60,43,80
60,44,71
60,45,66
60,46,60
60,47,57
60,48,55
60,49,55
60,50,52
60,51,48
60,52,41
60,53,27
60,54,50
60,55,59
60,56,45
60,57,40
60,58,37
60,59,36
60,60,33
61,1,216
61,2,186
61,3,160
61,4,122
61,5,92
61,6,183
61,7,204
61,8,163
61,9,144
61,10,126
61,11,117
61,12,108
61,13,101
61,14,96
61,15,87
61,16,65
61,17,54
61,18,98
61,19,120
61,20,99
61,21,86
61,22,82
61,23,76
61,24,72
61,25,66
61,26,63
61,27,57
61,28,48
61,29,37
61,30,66
61,31,78
61,32,66
61,33,56
61,34,52
61,35,49
61,36,48
61,37,48
61,38,46
61,39,42
61,40,33
61,41,28
61,42,52
61,43,62
61,44,56
61,45,51
61,46,42
61,47,39
61,48,38
61,49,38
61,50,38
61,51,36
61,52,28
61,53,22
61,54,47
61,55,49
61,56,45
61,57,38
61,58,35
61,59,34
61,60,32
62,1,222
62,2,199
62,3,173
62,4,137
62,5,100
62,6,202
62,7,243
62,8,196
62,9,173
62,10,148
62,11,137
62,12,129
62,13,124
62,14,114
62,15,104
62,16,87
62,17,68
62,18,137
62,19,166
62,20,129
62,21,117
62,22,100
62,23,95
62,24,95
62,25,91
62,26,87
62,27,75
62,28,63
62,29,47
62,30,85
62,31,99
62,32,73
62,33,63
62,34,53
62,35,51
62,36,50
62,37,50
62,38,49
62,39,48
62,40,44
62,41,35
62,42,72
62,43,89
62,44,75
62,45,67
62,46,59
62,47,55
62,48,54
62,49,52
62,50,48
62,51,44
62,52,37
62,53,31
62,54,59
62,55,64
62,56,51
62,57,48
62,58,45
62,59,42
62,60,40
63,1,218
63,2,191
63,3,170
63,4,124
63,5,100
63,6,183
63,7,242
63,8,200
63,9,172
63,10,164
63,11,151
63,12,140
63,13,131
63,14,121
63,15,109
63,16,82
63,17,64
63,18,145
63,19,168
63,20,147
63,21,123
63,22,108
63,23,103
63,24,97
63,25,96
63,26,92
63,27,86
63,28,70
63,29,55
63,30,116
63,31,125
63,32,95
63,33,85
63,34,78
63,35,74
63,36,68
63,37,68
63,38,66
63,39,59
63,40,44
63,41,32
63,42,67
63,43,71
63,44,61
63,45,55
63,46,48
63,47,44
63,48,43
63,49,43
63,50,41
63,51,40
63,52,29
63,53,21
63,54,45
63,55,45
63,56,34
63,57,29
63,58,27
63,59,26
63,60,25
64,1,211
64,2,187
64,3,166
64,4,129
64,5,88
64,6,169
64,7,194
64,8,154
64,9,132
64,10,117
64,11,109
64,12,105
64,13,104
64,14,96
64,15,84
64,16,66
64,17,53
64,18,103
64,19,113
64,20,95
64,21,81
64,22,72
64,23,68
64,24,67
64,25,67
64,26,62
64,27,56
64,28,43
64,29,35
64,30,63
64,31,78
64,32,66
64,33,63
64,34,59
64,35,56
64,36,56
64,37,56
64,38,48
64,39,41
64,40,31
64,41,26
64,42,54
64,43,66
64,44,54
64,45,48
64,46,44
64,47,41
64,48,40
64,49,40
64,50,39
64,51,33
64,52,30
64,53,28
64,54,43
64,55,67
64,56,55
64,57,46
64,58,40
64,59,38
64,60,35
65,1,226
65,2,204
65,3,172
65,4,136
65,5,101
65,6,194
65,7,244
65,8,202
65,9,177
65,10,160
65,11,140
65,12,133
65,13,130
65,14,123
65,15,108
65,16,90
65,17,64
65,18,138
65,19,161
65,20,137
65,21,122
65,22,103
65,23,97
65,24,94
65,25,92
65,26,86
65,27,77
65,28,61
65,29,47
65,30,88
65,31,105
65,32,90
65,33,80
65,34,71
65,35,64
65,36,62
65,37,62
65,38,54
65,39,44
65,40,34
65,41,27
65,42,53
65,43,63
65,44,46
65,45,43
65,46,37
65,47,36
65,48,35
65,49,34
65,50,34
65,51,32
65,52,24
65,53,19
65,54,28
65,55,36
65,56,32
65,57,29
65,58,26
65,59,23
65,60,23
66,1,220
66,2,206
66,3,183
66,4,143
66,5,108
66,6,204
66,7,252
66,8,208
66,9,190
66,10,164
66,11,156
66,12,152
66,13,146
66,14,134
66,15,122
66,16,99
66,17,74
66,18,144
66,19,175
66,20,155
66,21,134
66,22,116
66,23,111
66,24,110
66,25,105
66,26,100
66,27,97
66,28,72
66,29,56
66,30,107
66,31,125
66,32,97
66,33,87
66,34,75
66,35,74
66,36,67
66,37,64
66,38,62
66,39,57
66,40,43
66,41,35
66,42,81
66,43,94
66,44,69
66,45,62
66,46,59
66,47,54
66,48,54
66,49,52
66,50,50
66,51,45
66,52,34
66,53,31
66,54,58
66,55,73
66,56,64
66,57,58
66,58,52
66,59,47
66,60,43
67,1,214
67,2,194
67,3,165
67,4,122
67,5,94
67,6,188
67,7,225
67,8,196
67,9,167
67,10,151
67,11,143
67,12,133
67,13,128
67,14,116
67,15,104
67,16,84
67,17,68
67,18,150
67,19,184
67,20,151
67,21,134
67,22,123
67,23,115
67,24,106
67,25,103
67,26,101
67,27,86
67,28,69
67,29,50
67,30,93
67,31,113
67,32,97
67,33,81
67,34,74
67,35,72
67,36,71
67,37,69
67,38,64
67,39,56
67,40,40
67,41,31
67,42,70
67,43,88
67,44,76
67,45,65
67,46,60
67,47,56
67,48,53
67,49,52
67,50,50
67,51,44
67,52,34
67,53,29
67,54,63
67,55,78
67,56,53
67,57,48
67,58,47
67,59,44
67,60,41
68,1,215
68,2,195
68,3,173
68,4,128
68,5,97
68,6,190
68,7,216
68,8,180
68,9,157
68,10,147
68,11,136
68,12,122
68,13,118
68,14,110
68,15,94
68,16,78
68,17,60
68,18,115
68,19,149
68,20,129
68,21,105
68,22,90
68,23,87
68,24,83
68,25,81
68,26,77
68,27,67
68,28,56
68,29,49
68,30,102
68,31,121
68,32,89
68,33,72
68,34,62
68,35,58
68,36,56
68,37,54
68,38,51
68,39,49
68,40,38
68,41,31
68,42,63
68,43,84
68,44,63
68,45,52
68,46,46
68,47,44
68,48,41
68,49,41
68,50,38
68,51,36
68,52,32
68,53,27
68,54,49
68,55,58
68,56,46
68,57,37
68,58,34
68,59,29
68,60,28
69,1,212
69,2,190
69,3,168
69,4,130
69,5,93
69,6,201
69,7,221
69,8,189
69,9,166
69,10,146
69,11,136
69,12,132
69,13,130
69,14,126
69,15,115
69,16,91
69,17,63
69,18,104
69,19,127
69,20,111
69,21,94
69,22,84
69,23,77
69,24,73
69,25,73
69,26,71
69,27,67
69,28,54
69,29,44
69,30,85
69,31,92
69,32,74
69,33,68
69,34,62
69,35,56
69,36,53
69,37,51
69,38,48
69,39,42
69,40,33
69,41,25
69,42,55
69,43,60
69,44,55
69,45,51
69,46,47
69,47,43
69,48,40
69,49,40
69,50,39
69,51,37
69,52,31
69,53,25
69,54,55
69,55,56
69,56,48
69,57,43
69,58,34
69,59,29
69,60,27
70,1,207
70,2,187
70,3,150
70,4,115
70,5,87
70,6,182
70,7,205
70,8,169
70,9,144
70,10,123
70,11,106
70,12,103
70,13,97
70,14,91
70,15,78
70,16,57
70,17,44
70,18,74
70,19,102
70,20,88
70,21,79
70,22,71
70,23,67
70,24,66
70,25,64
70,26,61
70,27,53
70,28,37
70,29,26
70,30,57
70,31,60
70,32,48
70,33,42
70,34,40
70,35,39
70,36,38
70,37,38
70,38,37
70,39,33
70,40,28
70,41,20
70,42,45
70,43,51
70,44,39
70,45,33
70,46,30
70,47,30
70,48,30
70,49,30
70,50,27
70,51,25
70,52,20
70,53,16
70,54,34
70,55,44
70,56,36
70,57,31
70,58,28
70,59,26
70,60,26
71,1,215
71,2,200
71,3,176
71,4,135
71,5,104
71,6,195
71,7,251
71,8,193
71,9,161
71,10,136
71,11,128
71,12,120
71,13,115
71,14,110
71,15,102
71,16,84
71,17,68
71,18,135
71,19,158
71,20,122
71,21,100
71,22,87
71,23,83
71,24,78
71,25,77
71,26,73
71,27,61
71,28,46
71,29,38
71,30,67
71,31,68
71,32,58
71,33,54
71,34,42
71,35,39
71,36,36
71,37,36
71,38,35
71,39,31
71,40,29
71,41,23
71,42,60
71,43,55
71,44,47
71,45,40
71,46,37
71,47,35
71,48,33
71,49,32
71,50,30
71,51,27
71,52,25
71,53,22
71,54,48
71,55,53
71,56,41
71,57,32
71,58,28
71,59,27
71,60,25
72,1,226
72,2,208
72,3,174
72,4,132
72,5,106
72,6,199
72,7,243
72,8,205
72,9,181
72,10,157
72,11,147
72,12,139
72,13,136
72,14,129
72,15,111
72,16,87
72,17,73
72,18,118
72,19,172
72,20,146
72,21,130
72,22,115
72,23,109
72,24,106
72,25,105
72,26,103
72,27,93
72,28,66
72,29,50
72,30,100
72,31,115
72,32,85
72,33,73
72,34,64
72,35,62
72,36,60
72,37,58
72,38,53
72,39,45
72,40,37
72,41,30
72,42,54
72,43,61
72,44,53
72,45,46
72,46,43
72,47,41
72,48,38
72,49,38
72,50,34
72,51,31
72,52,27
72,53,20
72,54,40
72,55,47
72,56,42
72,57,33
72,58,33
72,59,32
72,60,32
73,1,226
73,2,209
73,3,179
73,4,138
73,5,110
73,6,213
73,7,252
73,8,210
73,9,185
73,10,158
73,11,144
73,12,138
73,13,131
73,14,124
73,15,112
73,16,91
73,17,78
73,18,138
73,19,184
73,20,154
73,21,132
73,22,119
73,23,106
73,24,101
73,25,99
73,26,93
73,27,87
73,28,76
73,29,61
73,30,118
73,31,155
73,32,124
73,33,106
73,34,90
73,35,86
73,36,84
73,37,81
73,38,75
73,39,70
73,40,57
73,41,48
73,42,81
73,43,107
73,44,84
73,45,73
73,46,68
73,47,64
73,48,62
73,49,60
73,50,58
73,51,54
73,52,41
73,53,30
73,54,71
73,55,69
73,56,53
73,57,46
73,58,41
73,59,38
73,60,35
74,1,216
74,2,197
74,3,165
74,4,121
74,5,90
74,6,176
74,7,196
74,8,164
74,9,147
74,10,137
74,11,129
74,12,125
74,13,122
74,14,109
74,15,94
74,16,78
74,17,67
74,18,119
74,19,166
74,20,142
74,21,125
74,22,105
74,23,101
74,24,97
74,25,96
74,26,92
74,27,81
74,28,65
74,29,54
74,30,113
74,31,133
74,32,111
74,33,100
74,34,91
74,35,80
74,36,75
74,37,75
74,38,69
74,39,64
74,40,57
74,41,50
74,42,101
74,43,111
74,44,89
74,45,77
74,46,72
74,47,70
74,48,67
74,49,65
74,50,62
74,51,56
74,52,46
74,53,38
74,54,76
74,55,97
74,56,76
74,57,71
74,58,63
74,59,56
74,60,52
75,1,225
75,2,203
75,3,181
75,4,142
75,5,104
75,6,207
75,7,263
75,8,220
75,9,205
75,10,190
75,11,170
75,12,165
75,13,157
75,14,145
75,15,133
75,16,107
75,17,88
75,18,162
75,19,220
75,20,187
75,21,163
75,22,146
75,23,137
75,24,128
75,25,126
75,26,123
75,27,110
75,28,89
75,29,71
75,30,134
75,31,172
75,32,145
75,33,124
75,34,105
75,35,97
75,36,91
75,37,90
75,38,88
75,39,86
75,40,68
75,41,55
75,42,114
75,43,127
75,44,104
75,45,87
75,46,74
75,47,73
75,48,67
75,49,66
75,50,64
75,51,54
75,52,41
75,53,32
75,54,70
75,55,85
75,56,70
75,57,62
75,58,56
75,59,55
75,60,55
76,1,217
76,2,192
76,3,169
76,4,126
76,5,99
76,6,201
76,7,248
76,8,214
76,9,188
76,10,163
76,11,146
76,12,136
76,13,132
76,14,123
76,15,111
76,16,81
76,17,63
76,18,113
76,19,148
76,20,126
76,21,106
76,22,92
76,23,86
76,24,85
76,25,83
76,26,79
76,27,71
76,28,59
76,29,46
76,30,99
76,31,118
76,32,92
76,33,81
76,34,70
76,35,67
76,36,65
76,37,64
76,38,58
76,39,54
76,40,46
76,41,37
76,42,70
76,43,77
76,44,62
76,45,54
76,46,51
76,47,48
76,48,48
76,49,46
76,50,41
76,51,39
76,52,31
76,53,23
76,54,48
76,55,58
76,56,50
76,57,45
76,58,42
76,59,40
76,60,37
77,1,215
77,2,198
77,3,164
77,4,128
77,5,97
77,6,183
77,7,211
77,8,180
77,9,161
77,10,145
77,11,133
77,12,122
77,13,120
77,14,115
77,15,102
77,16,80
77,17,62
77,18,120
77,19,150
77,20,133
77,21,115
77,22,108
77,23,102
77,24,100
77,25,99
77,26,95
77,27,90
77,28,69
77,29,56
77,30,106
77,31,140
77,32,103
77,33,88
77,34,79
77,35,72
77,36,67
77,37,66
77,38,63
77,39,58
77,40,44
77,41,36
77,42,69
77,43,81
77,44,68
77,45,58
77,46,55
77,47,49
77,48,46
77,49,44
77,50,43
77,51,43
77,52,40
77,53,30
77,54,58
77,55,77
77,56,64
77,57,56
77,58,49
77,59,44
77,60,40
78,1,215
78,2,199
78,3,176
78,4,133
78,5,97
78,6,206
78,7,227
78,8,191
78,9,165
78,10,149
78,11,136
78,12,131
78,13,123
78,14,114
78,15,104
78,16,76
78,17,62
78,18,129
78,19,164
78,20,141
78,21,125
78,22,110
78,23,105
78,24,100
78,25,99
78,26,90
78,27,77
78,28,60
78,29,46
78,30,91
78,31,128
78,32,104
78,33,92
78,34,89
78,35,84
78,36,80
78,37,78
78,38,76
78,39,64
78,40,58
78,41,43
78,42,89
78,43,105
78,44,90
78,45,78
78,46,70
78,47,65
78,48,61
78,49,61
78,50,58
78,51,53
78,52,41
78,53,24
78,54,46
78,55,43
78,56,35
78,57,33
78,58,28
78,59,28
78,60,26
79,1,219
79,2,195
79,3,172
79,4,128
79,5,102
79,6,184
79,7,223
79,8,180
79,9,153
79,10,136
79,11,123
79,12,114
79,13,112
79,14,105
79,15,96
79,16,78
79,17,58
79,18,128
79,19,151
79,20,125
79,21,106
79,22,98
79,23,94
79,24,85
79,25,85
79,26,83
79,27,77
79,28,62
79,29,53
79,30,98
79,31,112
79,32,85
79,33,76
79,34,68
79,35,60
79,36,56
79,37,55
79,38,53
79,39,49
79,40,42
79,41,30
79,42,60
79,43,73
79,44,61
79,45,58
79,46,48
79,47,43
79,48,43
79,49,43
79,50,40
79,51,38
79,52,28
79,53,25
79,54,50
79,55,60
79,56,52
79,57,49
79,58,46
79,59,44
79,60,42
80,1,217
80,2,192
80,3,168
80,4,131
80,5,96
80,6,202
80,7,229
80,8,190
80,9,158
80,10,130
80,11,121
80,12,115
80,13,107
80,14,102
80,15,82
80,16,66
80,17,50
80,18,92
80,19,118
80,20,94
80,21,87
80,22,79
80,23,75
80,24,73
80,25,70
80,26,68
80,27,63
80,28,56
80,29,35
80,30,80
80,31,89
80,32,73
80,33,62
80,34,53
80,35,51
80,36,50
80,37,49
80,38,46
80,39,42
80,40,36
80,41,32
80,42,63
80,43,68
80,44,60
80,45,53
80,46,50
80,47,46
80,48,44
80,49,43
80,50,42
80,51,37
80,52,32
80,53,26
80,54,52
80,55,79
80,56,65
80,57,56
80,58,51
80,59,49
80,60,47
81,1,229
81,2,214
81,3,179
81,4,137
81,5,105
81,6,187
81,7,244
81,8,204
81,9,172
81,10,150
81,11,141
81,12,133
81,13,128
81,14,116
81,15,98
81,16,82
81,17,68
81,18,123
81,19,157
81,20,132
81,21,117
81,22,103
81,23,98
81,24,96
81,25,96
81,26,89
81,27,81
81,28,59
81,29,46
81,30,99
81,31,113
81,32,88
81,33,79
81,34,70
81,35,67
81,36,64
81,37,61
81,38,58
81,39,49
81,40,36
81,41,28
81,42,52
81,43,59
81,44,50
81,45,48
81,46,46
81,47,40
81,48,37
81,49,35
81,50,35
81,51,32
81,52,22
81,53,17
81,54,37
81,55,38
81,56,31
81,57,26
81,58,24
81,59,21
81,60,20
82,1,219
82,2,204
82,3,181
82,4,145
82,5,118
82,6,231
82,7,253
82,8,204
82,9,170
82,10,147
82,11,139
82,12,132
82,13,128
82,14,119
82,15,105
82,16,81
82,17,67
82,18,135
82,19,169
82,20,138
82,21,121
82,22,112
82,23,105
82,24,102
82,25,99
82,26,91
82,27,83
82,28,66
82,29,52
82,30,90
82,31,110
82,32,91
82,33,79
82,34,73
82,35,68
82,36,64
82,37,63
82,38,60
82,39,53
82,40,40
82,41,32
82,42,71
82,43,77
82,44,60
82,45,53
82,46,48
82,47,45
82,48,43
82,49,42
82,50,40
82,51,40
82,52,27
82,53,23
82,54,46
82,55,51
82,56,43
82,57,38
82,58,34
82,59,34
82,60,33
83,1,217
83,2,194
83,3,167
83,4,130
83,5,91
83,6,188
83,7,235
83,8,196
83,9,166
83,10,149
83,11,140
83,12,131
83,13,127
83,14,122
83,15,117
83,16,95
83,17,82
83,18,163
83,19,201
83,20,168
83,21,143
83,22,125
83,23,120
83,24,115
83,25,115
83,26,110
83,27,104
83,28,88
83,29,71
83,30,117
83,31,146
83,32,118
83,33,103
83,34,97
83,35,88
83,36,82
83,37,82
83,38,78
83,39,72
83,40,62
83,41,55
83,42,117
83,43,139
83,44,119
83,45,110
83,46,103
83,47,93
83,48,93
83,49,90
83,50,85
83,51,80
83,52,70
83,53,53
83,54,109
83,55,118
83,56,89
83,57,76
83,58,65
83,59,59
83,60,58
84,1,213
84,2,189
84,3,160
84,4,115
84,5,88
84,6,181
84,7,225
84,8,194
84,9,168
84,10,147
84,11,135
84,12,127
84,13,121
84,14,108
84,15,94
84,16,70
84,17,55
84,18,97
84,19,108
84,20,87
84,21,79
84,22,67
84,23,58
84,24,55
84,25,55
84,26,49
84,27,42
84,28,35
84,29,29
84,30,64
84,31,85
84,32,63
84,33,56
84,34,47
84,35,43
84,36,42
84,37,40
84,38,40
84,39,37
84,40,28
84,41,25
84,42,61
84,43,64
84,44,55
84,45,51
84,46,48
84,47,44
84,48,43
84,49,42
84,50,40
84,51,37
84,52,29
84,53,22
84,54,50
84,55,70
84,56,63
84,57,58
84,58,50
84,59,48
84,60,47
85,1,216
85,2,197
85,3,164
85,4,129
85,5,97
85,6,193
85,7,212
85,8,177
85,9,153
85,10,131
85,11,121
85,12,113
85,13,107
85,14,103
85,15,94
85,16,75
85,17,52
85,18,100
85,19,121
85,20,103
85,21,87
85,22,74
85,23,68
85,24,65
85,25,64
85,26,62
85,27,59
85,28,50
85,29,43
85,30,78
85,31,85
85,32,68
85,33,61
85,34,52
85,35,43
85,36,41
85,37,41
85,38,40
85,39,38
85,40,32
85,41,24
85,42,50
85,43,66
85,44,56
85,45,46
85,46,39
85,47,38
85,48,36
85,49,36
85,50,33
85,51,30
85,52,21
85,53,20
85,54,39
85,55,47
85,56,40
85,57,33
85,58,30
85,59,29
85,60,29
86,1,218
86,2,199
86,3,168
86,4,129
86,5,99
86,6,210
86,7,238
86,8,186
86,9,153
86,10,137
86,11,123
86,12,114
86,13,107
86,14,98
86,15,82
86,16,65
86,17,49
86,18,107
86,19,129
86,20,106
86,21,90
86,22,81
86,23,78
86,24,74
86,25,73
86,26,71
86,27,68
86,28,52
86,29,42
86,30,78
86,31,87
86,32,68
86,33,55
86,34,49
86,35,47
86,36,46
86,37,46
86,38,46
86,39,39
86,40,33
86,41,25
86,42,52
86,43,63
86,44,53
86,45,47
86,46,42
86,47,41
86,48,36
86,49,36
86,50,34
86,51,33
86,52,26
86,53,18
86,54,26
86,55,32
86,56,26
86,57,23
86,58,22
86,59,21
86,60,21
87,1,218
87,2,197
87,3,165
87,4,126
87,5,91
87,6,170
87,7,224
87,8,189
87,9,164
87,10,145
87,11,131
87,12,125
87,13,117
87,14,110
87,15,96
87,16,76
87,17,62
87,18,129
87,19,173
87,20,152
87,21,130
87,22,121
87,23,113
87,24,108
87,25,107
87,26,97
87,27,84
87,28,69
87,29,50
87,30,114
87,31,141
87,32,115
87,33,97
87,34,87
87,35,80
87,36,77
87,37,73
87,38,68
87,39,62
87,40,53
87,41,39
87,42,74
87,43,86
87,44,61
87,45,52
87,46,44
87,47,40
87,48,37
87,49,37
87,50,35
87,51,32
87,52,22
87,53,19
87,54,38
87,55,46
87,56,36
87,57,30
87,58,24
87,59,24
87,60,24
88,1,219
88,2,201
88,3,172
88,4,136
88,5,97
88,6,188
88,7,220
88,8,176
88,9,152
88,10,119
88,11,111
88,12,109
88,13,108
88,14,92
88,15,77
88,16,60
88,17,48
88,18,91
88,19,107
88,20,93
88,21,84
88,22,75
88,23,72
88,24,71
88,25,69
88,26,65
88,27,57
88,28,46
88,29,38
88,30,76
88,31,79
88,32,69
88,33,60
88,34,50
88,35,50
88,36,48
88,37,45
88,38,42
88,39,41
88,40,33
88,41,26
88,42,53
88,43,57
88,44,47
88,45,41
88,46,34
88,47,34
88,48,34
88,49,34
88,50,32
88,51,29
88,52,20
88,53,15
88,54,29
88,55,34
88,56,28
88,57,24
88,58,21
88,59,21
88,60,18
89,1,221
89,2,199
89,3,168
89,4,128
89,5,88
89,6,168
89,7,225
89,8,184
89,9,152
89,10,134
89,11,128
89,12,122
89,13,119
89,14,109
89,15,96
89,16,79
89,17,61
89,18,130
89,19,157
89,20,121
89,21,106
89,22,98
89,23,91
89,24,86
89,25,85
89,26,83
89,27,75
89,28,54
89,29,43
89,30,77
89,31,113
89,32,91
89,33,79
89,34,70
89,35,65
89,36,65
89,37,62
89,38,62
89,39,52
89,40,44
89,41,34
89,42,54
89,43,75
89,44,64
89,45,54
89,46,47
89,47,45
89,48,44
89,49,43
89,50,40
89,51,37
89,52,28
89,53,25
89,54,55
89,55,68
89,56,53
89,57,50
89,58,46
89,59,43
89,60,42
90,1,216
90,2,200
90,3,168
90,4,136
90,5,105
90,6,219
90,7,273
90,8,219
90,9,174
90,10,157
90,11,144
90,12,132
90,13,126
90,14,117
90,15,109
90,16,88
90,17,75
90,18,143
90,19,191
90,20,163
90,21,144
90,22,127
90,23,120
90,24,116
90,25,113
90,26,108
90,27,98
90,28,82
90,29,59
90,30,111
90,31,136
90,32,113
90,33,98
90,34,86
90,35,82
90,36,75
90,37,75
90,38,70
90,39,64
90,40,58
90,41,44
90,42,85
90,43,116
90,44,94
90,45,74
90,46,68
90,47,61
90,48,58
90,49,58
90,50,54
90,51,52
90,52,40
90,53,34
90,54,61
90,55,68
90,56,55
90,57,48
90,58,42
90,59,38
90,60,36
91,1,221
91,2,203
91,3,173
91,4,135
91,5,107
91,6,205
91,7,234
91,8,196
91,9,167
91,10,151
91,11,145
91,12,137
91,13,135
91,14,131
91,15,114
91,16,96
91,17,79
91,18,137
91,19,179
91,20,147
91,21,133
91,22,119
91,23,111
91,24,107
91,25,101
91,26,99
91,27,92
91,28,77
91,29,60
91,30,137
91,31,160
91,32,131
91,33,116
91,34,97
91,35,86
91,36,80
91,37,78
91,38,78
91,39,70
91,40,56
91,41,40
91,42,88
91,43,104
91,44,90
91,45,81
91,46,69
91,47,66
91,48,61
91,49,59
91,50,55
91,51,50
91,52,36
91,53,27
91,54,57
91,55,66
91,56,53
91,57,44
91,58,37
91,59,35
91,60,34
92,1,220
92,2,202
92,3,175
92,4,128
92,5,89
92,6,175
92,7,200
92,8,174
92,9,149
92,10,121
92,11,112
92,12,104
92,13,103
92,14,97
92,15,86
92,16,72
92,17,55
92,18,104
92,19,143
92,20,122
92,21,104
92,22,94
92,23,86
92,24,83
92,25,80
92,26,76
92,27,67
92,28,48
92,29,37
92,30,77
92,31,97
92,32,83
92,33,69
92,34,61
92,35,60
92,36,58
92,37,55
92,38,53
92,39,46
92,40,37
92,41,28
92,42,58
92,43,71
92,44,59
92,45,50
92,46,41
92,47,38
92,48,38
92,49,36
92,50,32
92,51,30
92,52,25
92,53,24
92,54,49
92,55,58
92,56,43
92,57,38
92,58,33
92,59,31
92,60,30
93,1,223
93,2,196
93,3,162
93,4,135
93,5,100
93,6,211
93,7,240
93,8,199
93,9,175
93,10,154
93,11,138
93,12,132
93,13,127
93,14,122
93,15,107
93,16,83
93,17,66
93,18,145
93,19,158
93,20,135
93,21,116
93,22,105
93,23,98
93,24,94
93,25,92
93,26,88
93,27,77
93,28,63
93,29,57
93,30,100
93,31,98
93,32,88
93,33,78
93,34,70
93,35,64
93,36,60
93,37,58
93,38,56
93,39,50
93,40,39
93,41,34
93,42,68
93,43,83
93,44,70
93,45,66
93,46,59
93,47,55
93,48,53
93,49,51
93,50,50
93,51,47
93,52,39
93,53,33
93,54,52
93,55,74
93,56,54
93,57,49
93,58,43
93,59,40
93,60,39
94,1,217
94,2,198
94,3,173
94,4,121
94,5,90
94,6,176
94,7,212
94,8,173
94,9,145
94,10,127
94,11,118
94,12,110
94,13,107
94,14,99
94,15,93
94,16,72
94,17,55
94,18,109
94,19,115
94,20,102
94,21,90
94,22,85
94,23,81
94,24,79
94,25,77
94,26,71
94,27,60
94,28,51
94,29,41
94,30,80
94,31,102
94,32,76
94,33,66
94,34,60
94,35,57
94,36,55
94,37,54
94,38,50
94,39,46
94,40,33
94,41,26
94,42,64
94,43,62
94,44,52
94,45,46
94,46,37
94,47,33
94,48,33
94,49,32
94,50,32
94,51,25
94,52,18
94,53,13
94,54,33
94,55,36
94,56,30
94,57,27
94,58,23
94,59,21
94,60,21
95,1,221
95,2,201
95,3,177
95,4,130
95,5,96
95,6,184
95,7,224
95,8,186
95,9,167
95,10,148
95,11,134
95,12,127
95,13,127
95,14,118
95,15,107
95,16,82
95,17,69
95,18,133
95,19,177
95,20,150
95,21,127
95,22,117
95,23,108
95,24,107
95,25,106
95,26,101
95,27,90
95,28,70
95,29,57
95,30,130
95,31,152
95,32,126
95,33,105
95,34,88
95,35,82
95,36,80
95,37,80
95,38,75
95,39,67
95,40,53
95,41,48
95,42,82
95,43,105
95,44,80
95,45,71
95,46,66
95,47,62
95,48,56
95,49,53
95,50,50
95,51,44
95,52,33
95,53,26
95,54,49
95,55,65
95,56,57
95,57,54
95,58,48
95,59,44
95,60,43
96,1,223
96,2,204
96,3,179
96,4,134
96,5,106
96,6,200
96,7,246
96,8,192
96,9,168
96,10,157
96,11,150
96,12,137
96,13,131
96,14,125
96,15,109
96,16,87
96,17,72
96,18,174
96,19,213
96,20,183
96,21,156
96,22,140
96,23,133
96,24,130
96,25,129
96,26,123
96,27,109
96,28,86
96,29,67
96,30,132
96,31,170
96,32,136
96,33,123
96,34,109
96,35,102
96,36,97
96,37,94
96,38,85
96,39,80
96,40,72
96,41,64
96,42,149
96,43,190
96,44,165
96,45,142
96,46,122
96,47,116
96,48,111
96,49,105
96,50,101
96,51,92
96,52,77
96,53,56
96,54,119
96,55,149
96,56,119
96,57,110
96,58,97
96,59,89
96,60,84
97,1,209
97,2,180
97,3,155
97,4,114
97,5,94
97,6,196
97,7,210
97,8,176
97,9,152
97,10,138
97,11,128
97,12,121
97,13,117
97,14,114
97,15,99
97,16,74
97,17,64
97,18,125
97,19,154
97,20,130
97,21,119
97,22,107
97,23,97
97,24,94
97,25,91
97,26,86
97,27,76
97,28,62
97,29,52
97,30,103
97,31,110
97,32,89
97,33,77
97,34,66
97,35,62
97,36,58
97,37,56
97,38,54
97,39,47
97,40,41
97,41,31
97,42,53
97,43,68
97,44,60
97,45,55
97,46,51
97,47,48
97,48,45
97,49,43
97,50,39
97,51,36
97,52,29
97,53,23
97,54,53
97,55,68
97,56,61
97,57,52
97,58,49
97,59,46
97,60,42
98,1,227
98,2,208
98,3,182
98,4,138
98,5,113
98,6,239
98,7,272
98,8,231
98,9,195
98,10,172
98,11,163
98,12,154
98,13,148
98,14,139
98,15,118
98,16,88
98,17,66
98,18,140
98,19,170
98,20,145
98,21,126
98,22,119
98,23,111
98,24,108
98,25,105
98,26,100
98,27,94
98,28,77
98,29,62
98,30,116
98,31,142
98,32,121
98,33,105
98,34,96
98,35,86
98,36,85
98,37,83
98,38,77
98,39,67
98,40,51
98,41,39
98,42,84
98,43,97
98,44,76
98,45,67
98,46,61
98,47,56
98,48,52
98,49,50
98,50,47
98,51,38
98,52,32
98,53,26
98,54,50
98,55,61
98,56,47
98,57,41
98,58,37
98,59,36
98,60,34
99,1,220
99,2,201
99,3,172
99,4,143
99,5,114
99,6,232
99,7,278
99,8,227
99,9,196
99,10,169
99,11,156
99,12,147
99,13,139
99,14,129
99,15,113
99,16,81
99,17,67
99,18,111
99,19,154
99,20,132
99,21,112
99,22,102
99,23,95
99,24,91
99,25,90
99,26,89
99,27,81
99,28,66
99,29,42
99,30,88
99,31,104
99,32,86
99,33,76
99,34,66
99,35,65
99,36,62
99,37,60
99,38,54
99,39,49
99,40,39
99,41,31
99,42,54
99,43,74
99,44,61
99,45,55
99,46,49
99,47,48
99,48,46
99,49,46
99,50,44
99,51,41
99,52,30
99,53,24
99,54,38
99,55,52
99,56,47
99,57,41
99,58,37
99,59,36
99,60,34
100,1,221
100,2,199
100,3,173
100,4,127
100,5,97
100,6,186
100,7,230
100,8,199
100,9,172
100,10,148
100,11,140
100,12,128
100,13,122
100,14,115
100,15,102
100,16,87
100,17,70
100,18,133
100,19,165
100,20,137
100,21,121
100,22,109
100,23,103
100,24,97
100,25,95
100,26,88
100,27,85
100,28,75
100,29,62
100,30,115
100,31,142
100,32,117
100,33,99
100,34,86
100,35,78
100,36,73
100,37,73
100,38,69
100,39,67
100,40,55
100,41,43
100,42,82
100,43,108
100,44,90
100,45,83
100,46,77
100,47,73
100,48,71
100,49,69
100,50,68
100,51,56
100,52,47
100,53,40
100,54,79
100,55,83
100,56,71
100,57,60
100,58,55
100,59,50
100,60,48
